BSCS1E,cs-242154,G'26',COLUMN-1, Chair No - 6
BSCS1E,cs-242197,G'26',COLUMN-1, Chair No - 5
BSCS1E,cs-242291,G'26',COLUMN-1, Chair No - 4
BSCS1E,cs-242292,G'26',COLUMN-1, Chair No - 3
BSCS1E,cs-242293,G'26',COLUMN-1, Chair No - 2
BSCS1E,cs-242294,G'26',COLUMN-1, Chair No - 1
BSSE2A,se-241201,G'26',COLUMN-2, Chair No - 6
BSSE2A,se-241202,G'26',COLUMN-2, Chair No - 5
BSSE2A,se-241203,G'26',COLUMN-2, Chair No - 4
BSSE2A,se-241204,G'26',COLUMN-2, Chair No - 3
BSSE2A,se-241205,G'26',COLUMN-2, Chair No - 2
BSSE2A,se-241206,G'26',COLUMN-2, Chair No - 1
BSCS4A,12137,G'26',COLUMN-3, Chair No - 6
BSCS4A,12151,G'26',COLUMN-3, Chair No - 5
BSCS4A,12152,G'26',COLUMN-3, Chair No - 4
BSCS4A,12160,G'26',COLUMN-3, Chair No - 3
BSCS4A,12174,G'26',COLUMN-3, Chair No - 2
BSCS4A,12240,G'26',COLUMN-3, Chair No - 1
BSCS1E,cs-242295,G'26',COLUMN-4, Chair No - 6
BSCS1E,cs-242296,G'26',COLUMN-4, Chair No - 5
BSCS1E,cs-242297,G'26',COLUMN-4, Chair No - 4
BSCS1E,cs-242298,G'26',COLUMN-4, Chair No - 3
BSCS1E,cs-242299,G'26',COLUMN-4, Chair No - 2
BSCS1E,cs-242300,G'26',COLUMN-4, Chair No - 1
BSSE2A,se-241207,G'26',COLUMN-5, Chair No - 6
BSSE2A,se-241208,G'26',COLUMN-5, Chair No - 5
BSSE2A,se-241210,G'26',COLUMN-5, Chair No - 4
BSSE2A,se-241211,G'26',COLUMN-5, Chair No - 3
BSSE2A,se-241212,G'26',COLUMN-5, Chair No - 2
BSSE2A,se-241213,G'26',COLUMN-5, Chair No - 1
BSCS4A,12244,G'26',COLUMN-6, Chair No - 6
BSCS4A,13580,G'26',COLUMN-6, Chair No - 5
BSCS4A,13581,G'26',COLUMN-6, Chair No - 4
BSCS4A,13582,G'26',COLUMN-6, Chair No - 3
BSCS4A,13583,G'26',COLUMN-6, Chair No - 2
BSCS4A,13584,G'26',COLUMN-6, Chair No - 1
BSCS1B,cs-242345,G'13',COLUMN-1, Chair No - 5
BSCS1B,cs-242375,G'13',COLUMN-1, Chair No - 4
BSCS1B,se-242502,G'13',COLUMN-1, Chair No - 3
BSCS1B,se-242511,G'13',COLUMN-1, Chair No - 2
BSSE1B,se-242603,G'13',COLUMN-1, Chair No - 1
BSCS2A,cs-241116,G'13',COLUMN-2, Chair No - 5
BSCS2A,cs-241117,G'13',COLUMN-2, Chair No - 4
BSCS2A,cs-241118,G'13',COLUMN-2, Chair No - 3
BSCS2A,cs-241119,G'13',COLUMN-2, Chair No - 2
BSCS2A,cs-241120,G'13',COLUMN-2, Chair No - 1
BSSE5A,11570,G'13',COLUMN-3, Chair No - 5
BSSE5A,12280,G'13',COLUMN-3, Chair No - 4
BSSE5A,12281,G'13',COLUMN-3, Chair No - 3
BSSE5A,12282,G'13',COLUMN-3, Chair No - 2
BSSE5A,12283,G'13',COLUMN-3, Chair No - 1
BSCS1B,se-242683,G'13',COLUMN-4, Chair No - 5
BSCS1E,cs-242377,G'13',COLUMN-4, Chair No - 4
BSCS1E,cs-242378,G'13',COLUMN-4, Chair No - 3
BSCS1E,CS-242380,G'13',COLUMN-4, Chair No - 2
BSCS1E,CS-242381,G'13',COLUMN-4, Chair No - 1
BSCS2A,cs-241121,G'13',COLUMN-5, Chair No - 5
BSCS2A,cs-241122,G'13',COLUMN-5, Chair No - 4
BSCS2A,cs-241123,G'13',COLUMN-5, Chair No - 3
BSCS2A,cs-241126,G'13',COLUMN-5, Chair No - 2
BSCS2A,cs-241127,G'13',COLUMN-5, Chair No - 1
BSCS1E,cs-242328,G'19',COLUMN-1, Chair No - 6
BSCS1E,cs-242329,G'19',COLUMN-1, Chair No - 5
BSCS1E,cs-242357,G'19',COLUMN-1, Chair No - 4
BSCS1E,cs-242358,G'19',COLUMN-1, Chair No - 3
BSCS1E,cs-242360,G'19',COLUMN-1, Chair No - 2
BSCS1E,cs-242361,G'19',COLUMN-1, Chair No - 1
BSSE2A,se-241227,G'19',COLUMN-2, Chair No - 6
BSSE2A,se-241228,G'19',COLUMN-2, Chair No - 5
BSSE2A,se-241229,G'19',COLUMN-2, Chair No - 4
BSSE2A,se-241231,G'19',COLUMN-2, Chair No - 3
BSSE2A,se-241232,G'19',COLUMN-2, Chair No - 2
BSSE2A,se-241233,G'19',COLUMN-2, Chair No - 1
BSCS4A,13597,G'19',COLUMN-3, Chair No - 6
BSCS4A,13599,G'19',COLUMN-3, Chair No - 5
BSCS4A,13602,G'19',COLUMN-3, Chair No - 4
BSCS4A,13605,G'19',COLUMN-3, Chair No - 3
BSCS4A,13606,G'19',COLUMN-3, Chair No - 2
BSCS4A,13607,G'19',COLUMN-3, Chair No - 1
BSCS1E,cs-242365,G'19',COLUMN-4, Chair No - 6
BSCS1E,cs-242366,G'19',COLUMN-4, Chair No - 5
BSCS1E,cs-242367,G'19',COLUMN-4, Chair No - 4
BSCS1E,cs-242368,G'19',COLUMN-4, Chair No - 3
BSCS1E,cs-242369,G'19',COLUMN-4, Chair No - 2
BSCS1E,cs-242374,G'19',COLUMN-4, Chair No - 1
BSSE2A,se-241234,G'19',COLUMN-5, Chair No - 6
BSSE2A,se-241235,G'19',COLUMN-5, Chair No - 5
BSSE2A,se-241236,G'19',COLUMN-5, Chair No - 4
BSSE2A,se-241237,G'19',COLUMN-5, Chair No - 3
BSSE2A,se-241238,G'19',COLUMN-5, Chair No - 2
BSSE2A,se-241239,G'19',COLUMN-5, Chair No - 1
BSCS1E,cs-242301,G'11',COLUMN-1, Chair No - 9
BSCS1E,cs-242302,G'11',COLUMN-1, Chair No - 8
BSCS1E,cs-242303,G'11',COLUMN-1, Chair No - 7
BSCS1E,cs-242304,G'11',COLUMN-1, Chair No - 6
BSCS1E,cs-242306,G'11',COLUMN-1, Chair No - 5
BSCS1E,cs-242307,G'11',COLUMN-1, Chair No - 4
BSCS1E,cs-242308,G'11',COLUMN-1, Chair No - 3
BSCS1E,cs-242311,G'11',COLUMN-1, Chair No - 2
BSCS1E,cs-242315,G'11',COLUMN-1, Chair No - 1
BSSE2A,se-241216,G'11',COLUMN-2, Chair No - 9
BSSE2A,se-241217,G'11',COLUMN-2, Chair No - 8
BSSE2A,se-241218,G'11',COLUMN-2, Chair No - 7
BSSE2A,se-241219,G'11',COLUMN-2, Chair No - 6
BSSE2A,se-241220,G'11',COLUMN-2, Chair No - 5
BSSE2A,se-241221,G'11',COLUMN-2, Chair No - 4
BSSE2A,se-241223,G'11',COLUMN-2, Chair No - 3
BSSE2A,se-241224,G'11',COLUMN-2, Chair No - 2
BSSE2A,se-241226,G'11',COLUMN-2, Chair No - 1
BSCS4A,13585,G'11',COLUMN-3, Chair No - 9
BSCS4A,13586,G'11',COLUMN-3, Chair No - 8
BSCS4A,13587,G'11',COLUMN-3, Chair No - 7
BSCS4A,13588,G'11',COLUMN-3, Chair No - 6
BSCS4A,13589,G'11',COLUMN-3, Chair No - 5
BSCS4A,13590,G'11',COLUMN-3, Chair No - 4
BSCS4A,13592,G'11',COLUMN-3, Chair No - 3
BSCS4A,13594,G'11',COLUMN-3, Chair No - 2
BSCS4A,13596,G'11',COLUMN-3, Chair No - 1
BSCS1E,cs-242317,G'11',COLUMN-4, Chair No - 9
BSCS1E,cs-242318,G'11',COLUMN-4, Chair No - 8
BSCS1E,cs-242319,G'11',COLUMN-4, Chair No - 7
BSCS1E,cs-242320,G'11',COLUMN-4, Chair No - 6
BSCS1E,cs-242321,G'11',COLUMN-4, Chair No - 5
BSCS1E,cs-242322,G'11',COLUMN-4, Chair No - 4
BSCS1E,cs-242324,G'11',COLUMN-4, Chair No - 3
BSCS1E,cs-242325,G'11',COLUMN-4, Chair No - 2
BSCS1E,cs-242327,G'11',COLUMN-4, Chair No - 1
BSCS1B,cs-242187,G'18',COLUMN-1, Chair No - 10
BSCS1B,cs-242188,G'18',COLUMN-1, Chair No - 9
BSCS1B,cs-242189,G'18',COLUMN-1, Chair No - 8
BSCS1B,cs-242190,G'18',COLUMN-1, Chair No - 7
BSCS1B,cs-242191,G'18',COLUMN-1, Chair No - 6
BSCS1B,cs-242192,G'18',COLUMN-1, Chair No - 5
BSCS1B,cs-242195,G'18',COLUMN-1, Chair No - 4
BSCS1B,cs-242200,G'18',COLUMN-1, Chair No - 3
BSCS1B,cs-242252,G'18',COLUMN-1, Chair No - 2
BSCS1B,cs-242312,G'18',COLUMN-1, Chair No - 1
BSSE2A,se-241240,G'18',COLUMN-2, Chair No - 10
BSSE2A,se-241241,G'18',COLUMN-2, Chair No - 9
BSSE2A,se-241242,G'18',COLUMN-2, Chair No - 8
BSSE2A,se-241243,G'18',COLUMN-2, Chair No - 7
BSSE2A,se-241244,G'18',COLUMN-2, Chair No - 6
BSSE2A,se-241245,G'18',COLUMN-2, Chair No - 5
BSSE2A,se-241246,G'18',COLUMN-2, Chair No - 4
BSSE2A,se-241247,G'18',COLUMN-2, Chair No - 3
BSSE2A,se-241248,G'18',COLUMN-2, Chair No - 2
BSSE2A,se-241249,G'18',COLUMN-2, Chair No - 1
BSCS4A,13608,G'18',COLUMN-3, Chair No - 10
BSCS4A,13611,G'18',COLUMN-3, Chair No - 9
BSCS4A,13616,G'18',COLUMN-3, Chair No - 8
BSCS4A,13618,G'18',COLUMN-3, Chair No - 7
BSCS4A,13621,G'18',COLUMN-3, Chair No - 6
BSCS4A,13623,G'18',COLUMN-3, Chair No - 5
BSCS4A,13626,G'18',COLUMN-3, Chair No - 4
BSCS4A,13627,G'18',COLUMN-3, Chair No - 3
BSCS4A,13628,G'18',COLUMN-3, Chair No - 2
BSCS4A,232704,G'18',COLUMN-3, Chair No - 1
BSCS1B,cs-242326,G'18',COLUMN-4, Chair No - 10
BSCS1B,cs-242336,G'18',COLUMN-4, Chair No - 9
BSCS1B,cs-242337,G'18',COLUMN-4, Chair No - 8
BSCS1B,cs-242338,G'18',COLUMN-4, Chair No - 7
BSCS1B,cs-242339,G'18',COLUMN-4, Chair No - 6
BSCS1B,cs-242340,G'18',COLUMN-4, Chair No - 5
BSCS1B,cs-242341,G'18',COLUMN-4, Chair No - 4
BSCS1B,cs-242342,G'18',COLUMN-4, Chair No - 3
BSCS1B,cs-242343,G'18',COLUMN-4, Chair No - 2
BSCS1B,cs-242344,G'18',COLUMN-4, Chair No - 1
BSSE2A,se-241250,G'18',COLUMN-5, Chair No - 10
BSSE2A,se-241251,G'18',COLUMN-5, Chair No - 9
BSSE2A,se-241252,G'18',COLUMN-5, Chair No - 8
BSSE2A,se-241253,G'18',COLUMN-5, Chair No - 7
BSSE2A,se-241254,G'18',COLUMN-5, Chair No - 6
BSCS2A,14764,G'18',COLUMN-5, Chair No - 5
BSCS2A,cs-241101,G'18',COLUMN-5, Chair No - 4
BSCS2A,cs-241102,G'18',COLUMN-5, Chair No - 3
BSCS2A,cs-241103,G'18',COLUMN-5, Chair No - 2
BSCS2A,cs-241104,G'18',COLUMN-5, Chair No - 1
BSSE1D,se-242568,G'22',COLUMN-1, Chair No - 9
BSSE1D,se-242569,G'22',COLUMN-1, Chair No - 8
BSSE1D,se-242570,G'22',COLUMN-1, Chair No - 7
BSSE1D,se-242571,G'22',COLUMN-1, Chair No - 6
BSSE1D,se-242572,G'22',COLUMN-1, Chair No - 5
BSSE1D,se-242573,G'22',COLUMN-1, Chair No - 4
BSSE1D,se-242574,G'22',COLUMN-1, Chair No - 3
BSSE1D,se-242575,G'22',COLUMN-1, Chair No - 2
BSSE1D,se-242576,G'22',COLUMN-1, Chair No - 1
BSSE1E,se-242618,G'22',COLUMN-2, Chair No - 9
BSSE1E,se-242619,G'22',COLUMN-2, Chair No - 8
BSSE1E,se-242620,G'22',COLUMN-2, Chair No - 7
BSSE1E,se-242621,G'22',COLUMN-2, Chair No - 6
BSSE1E,se-242623,G'22',COLUMN-2, Chair No - 5
BSSE1E,se-242624,G'22',COLUMN-2, Chair No - 4
BSSE1E,se-242626,G'22',COLUMN-2, Chair No - 3
BSSE1E,se-242627,G'22',COLUMN-2, Chair No - 2
BSSE1E,se-242628,G'22',COLUMN-2, Chair No - 1
BSCS2A,cs-241105,G'22',COLUMN-3, Chair No - 9
BSCS2A,cs-241106,G'22',COLUMN-3, Chair No - 8
BSCS2A,cs-241107,G'22',COLUMN-3, Chair No - 7
BSCS2A,cs-241108,G'22',COLUMN-3, Chair No - 6
BSCS2A,cs-241109,G'22',COLUMN-3, Chair No - 5
BSCS2A,cs-241110,G'22',COLUMN-3, Chair No - 4
BSCS2A,cs-241112,G'22',COLUMN-3, Chair No - 3
BSCS2A,cs-241113,G'22',COLUMN-3, Chair No - 2
BSCS2A,cs-241114,G'22',COLUMN-3, Chair No - 1
BSSE1D,se-242577,G'22',COLUMN-4, Chair No - 9
BSSE1D,se-242578,G'22',COLUMN-4, Chair No - 8
BSSE1D,se-242579,G'22',COLUMN-4, Chair No - 7
BSSE1D,se-242582,G'22',COLUMN-4, Chair No - 6
BSSE1D,se-242583,G'22',COLUMN-4, Chair No - 5
BSSE1D,se-242584,G'22',COLUMN-4, Chair No - 4
BSSE1D,se-242585,G'22',COLUMN-4, Chair No - 3
BSSE1D,se-242586,G'22',COLUMN-4, Chair No - 2
BSSE1D,se-242587,G'22',COLUMN-4, Chair No - 1
BSSE1E,se-242629,G'22',COLUMN-5, Chair No - 9
BSSE1E,se-242630,G'22',COLUMN-5, Chair No - 8
BSSE1E,se-242631,G'22',COLUMN-5, Chair No - 7
BSSE1E,se-242632,G'22',COLUMN-5, Chair No - 6
BSSE1E,se-242633,G'22',COLUMN-5, Chair No - 5
BSSE1E,se-242635,G'22',COLUMN-5, Chair No - 4
BSSE1E,se-242636,G'22',COLUMN-5, Chair No - 3
BSSE1E,se-242637,G'22',COLUMN-5, Chair No - 2
BSSE1E,se-242638,G'22',COLUMN-5, Chair No - 1
BSSE1C,se-242659,G'24',COLUMN-1, Chair No - 8
BSSE1C,se-242663,G'24',COLUMN-1, Chair No - 7
BSSE1C,se-242671,G'24',COLUMN-1, Chair No - 6
BSSE1C,se-242672,G'24',COLUMN-1, Chair No - 5
BSSE1C,se-242686,G'24',COLUMN-1, Chair No - 4
BSSE1C,SE-242688,G'24',COLUMN-1, Chair No - 3
BSSE1C,se-242689,G'24',COLUMN-1, Chair No - 2
BSSE1C,se-242690,G'24',COLUMN-1, Chair No - 1
BSCS1D,cs-242354,G'24',COLUMN-2, Chair No - 8
BSCS1D,cs-242356,G'24',COLUMN-2, Chair No - 7
BSCS1D,cs-242359,G'24',COLUMN-2, Chair No - 6
BSCS1D,cs-242363,G'24',COLUMN-2, Chair No - 5
BSCS1D,se-242474,G'24',COLUMN-2, Chair No - 4
BSCS1D,se-242503,G'24',COLUMN-2, Chair No - 3
BSCS2A,cs-241128,G'24',COLUMN-3, Chair No - 8
BSCS2A,cs-241129,G'24',COLUMN-3, Chair No - 7
BSCS2A,cs-241130,G'24',COLUMN-3, Chair No - 6
BSCS2A,cs-241131,G'24',COLUMN-3, Chair No - 5
BSCS2A,cs-241132,G'24',COLUMN-3, Chair No - 4
BSCS2A,cs-241133,G'24',COLUMN-3, Chair No - 3
BSCS2A,cs-241134,G'24',COLUMN-3, Chair No - 2
BSCS2A,cs-241135,G'24',COLUMN-3, Chair No - 1
BSSE1C,se-242691,G'24',COLUMN-4, Chair No - 8
BSSE1C,se-242692,G'24',COLUMN-4, Chair No - 7
BSSE1D,se-242457,G'24',COLUMN-4, Chair No - 6
BSSE1D,se-242521,G'24',COLUMN-4, Chair No - 5
BSSE1D,se-242545,G'24',COLUMN-4, Chair No - 4
BSSE1D,se-242546,G'24',COLUMN-4, Chair No - 3
BSSE1D,se-242549,G'24',COLUMN-4, Chair No - 2
BSSE1D,se-242550,G'24',COLUMN-4, Chair No - 1
BSSE1E,se-242588,G'24',COLUMN-5, Chair No - 8
BSSE1E,se-242589,G'24',COLUMN-5, Chair No - 7
BSSE1E,se-242590,G'24',COLUMN-5, Chair No - 6
BSSE1E,se-242591,G'24',COLUMN-5, Chair No - 5
BSSE1E,se-242592,G'24',COLUMN-5, Chair No - 4
BSSE1E,se-242593,G'24',COLUMN-5, Chair No - 3
BSSE1E,se-242594,G'24',COLUMN-5, Chair No - 2
BSSE1E,se-242595,G'24',COLUMN-5, Chair No - 1
BSSE1C,se-242535,G'10',COLUMN-1, Chair No - 8
BSSE1C,se-242536,G'10',COLUMN-1, Chair No - 7
BSSE1C,se-242537,G'10',COLUMN-1, Chair No - 6
BSSE1C,se-242538,G'10',COLUMN-1, Chair No - 5
BSSE1C,se-242540,G'10',COLUMN-1, Chair No - 4
BSSE1C,se-242542,G'10',COLUMN-1, Chair No - 3
BSSE1C,se-242543,G'10',COLUMN-1, Chair No - 2
BSSE1C,se-242547,G'10',COLUMN-1, Chair No - 1
BSCS1D,cs-242277,G'10',COLUMN-2, Chair No - 8
BSCS1D,cs-242278,G'10',COLUMN-2, Chair No - 7
BSCS1D,cs-242279,G'10',COLUMN-2, Chair No - 6
BSCS1D,cs-242280,G'10',COLUMN-2, Chair No - 5
BSCS1D,cs-242281,G'10',COLUMN-2, Chair No - 4
BSCS1D,cs-242283,G'10',COLUMN-2, Chair No - 3
BSCS1D,cs-242284,G'10',COLUMN-2, Chair No - 2
BSCS1D,cs-242285,G'10',COLUMN-2, Chair No - 1
BSCS2A,cs-241136,G'10',COLUMN-3, Chair No - 8
BSCS2A,cs-241137,G'10',COLUMN-3, Chair No - 7
BSCS2A,cs-241138,G'10',COLUMN-3, Chair No - 6
BSCS2A,cs-241139,G'10',COLUMN-3, Chair No - 5
BSCS2A,cs-241141,G'10',COLUMN-3, Chair No - 4
BSCS2A,cs-241142,G'10',COLUMN-3, Chair No - 3
BSCS2A,cs-241143,G'10',COLUMN-3, Chair No - 2
BSCS2A,cs-241144,G'10',COLUMN-3, Chair No - 1
BSSE1C,se-242548,G'10',COLUMN-4, Chair No - 8
BSSE1C,se-242554,G'10',COLUMN-4, Chair No - 7
BSSE1C,se-242652,G'10',COLUMN-4, Chair No - 6
BSSE1C,se-242653,G'10',COLUMN-4, Chair No - 5
BSSE1C,se-242655,G'10',COLUMN-4, Chair No - 4
BSSE1C,se-242656,G'10',COLUMN-4, Chair No - 3
BSSE1C,se-242657,G'10',COLUMN-4, Chair No - 2
BSSE1C,se-242658,G'10',COLUMN-4, Chair No - 1
BSCS1D,cs-242286,G'10',COLUMN-5, Chair No - 8
BSCS1D,cs-242287,G'10',COLUMN-5, Chair No - 7
BSCS1D,cs-242288,G'10',COLUMN-5, Chair No - 6
BSCS1D,cs-242290,G'10',COLUMN-5, Chair No - 5
BSCS1D,cs-242309,G'10',COLUMN-5, Chair No - 4
BSCS1D,cs-242330,G'10',COLUMN-5, Chair No - 3
BSCS1D,cs-242352,G'10',COLUMN-5, Chair No - 2
BSCS1D,cs-242353,G'10',COLUMN-5, Chair No - 1
BSSE1C,se-242516,G'9',COLUMN-1, Chair No - 8
BSSE1C,se-242517,G'9',COLUMN-1, Chair No - 7
BSSE1C,se-242518,G'9',COLUMN-1, Chair No - 6
BSSE1C,se-242519,G'9',COLUMN-1, Chair No - 5
BSSE1C,se-242520,G'9',COLUMN-1, Chair No - 4
BSSE1C,se-242523,G'9',COLUMN-1, Chair No - 3
BSSE1C,se-242524,G'9',COLUMN-1, Chair No - 2
BSSE1C,se-242525,G'9',COLUMN-1, Chair No - 1
BSCS1D,cs-242259,G'9',COLUMN-2, Chair No - 8
BSCS1D,cs-242260,G'9',COLUMN-2, Chair No - 7
BSCS1D,cs-242261,G'9',COLUMN-2, Chair No - 6
BSCS1D,cs-242262,G'9',COLUMN-2, Chair No - 5
BSCS1D,cs-242263,G'9',COLUMN-2, Chair No - 4
BSCS1D,cs-242264,G'9',COLUMN-2, Chair No - 3
BSCS1D,cs-242265,G'9',COLUMN-2, Chair No - 2
BSCS1D,cs-242267,G'9',COLUMN-2, Chair No - 1
BSCS2A,cs-241145,G'9',COLUMN-3, Chair No - 8
BSCS2A,cs-241146,G'9',COLUMN-3, Chair No - 7
BSCS2A,cs-241147,G'9',COLUMN-3, Chair No - 6
BSCS2A,cs-241148,G'9',COLUMN-3, Chair No - 5
BSCS2A,cs-241149,G'9',COLUMN-3, Chair No - 4
BSCS2A,cs-241150,G'9',COLUMN-3, Chair No - 3
BSCS2A,cs-241151,G'9',COLUMN-3, Chair No - 2
BSCS2A,cs-241152,G'9',COLUMN-3, Chair No - 1
BSSE1C,se-242526,G'9',COLUMN-4, Chair No - 8
BSSE1C,se-242527,G'9',COLUMN-4, Chair No - 7
BSSE1C,se-242528,G'9',COLUMN-4, Chair No - 6
BSSE1C,se-242530,G'9',COLUMN-4, Chair No - 5
BSSE1C,se-242531,G'9',COLUMN-4, Chair No - 4
BSSE1C,se-242532,G'9',COLUMN-4, Chair No - 3
BSSE1C,se-242533,G'9',COLUMN-4, Chair No - 2
BSSE1C,se-242534,G'9',COLUMN-4, Chair No - 1
BSCS1D,cs-242268,G'9',COLUMN-5, Chair No - 8
BSCS1D,cs-242269,G'9',COLUMN-5, Chair No - 7
BSCS1D,cs-242270,G'9',COLUMN-5, Chair No - 6
BSCS1D,cs-242271,G'9',COLUMN-5, Chair No - 5
BSCS1D,cs-242272,G'9',COLUMN-5, Chair No - 4
BSCS1D,cs-242273,G'9',COLUMN-5, Chair No - 3
BSCS1D,cs-242275,G'9',COLUMN-5, Chair No - 2
BSCS1D,cs-242276,G'9',COLUMN-5, Chair No - 1
BSCS1B,cs-242151,SS'1',COLUMN-1, Chair No - 8
BSCS1B,cs-242152,SS'1',COLUMN-1, Chair No - 7
BSCS1B,cs-242153,SS'1',COLUMN-1, Chair No - 6
BSCS1B,cs-242155,SS'1',COLUMN-1, Chair No - 5
BSCS1B,cs-242156,SS'1',COLUMN-1, Chair No - 4
BSCS1B,cs-242157,SS'1',COLUMN-1, Chair No - 3
BSCS1B,cs-242158,SS'1',COLUMN-1, Chair No - 2
BSCS1B,cs-242159,SS'1',COLUMN-1, Chair No - 1
BSSE5A,12284,SS'1',COLUMN-2, Chair No - 8
BSSE5A,12285,SS'1',COLUMN-2, Chair No - 7
BSSE5A,12287,SS'1',COLUMN-2, Chair No - 6
BSSE5A,12288,SS'1',COLUMN-2, Chair No - 5
BSSE5A,12290,SS'1',COLUMN-2, Chair No - 4
BSSE5A,12291,SS'1',COLUMN-2, Chair No - 3
BSSE5A,12293,SS'1',COLUMN-2, Chair No - 2
BSSE5A,12294,SS'1',COLUMN-2, Chair No - 1
BSCS5B,12170,SS'1',COLUMN-3, Chair No - 8
BSCS5B,12172,SS'1',COLUMN-3, Chair No - 7
BSCS5B,12173,SS'1',COLUMN-3, Chair No - 6
BSCS5B,12176,SS'1',COLUMN-3, Chair No - 5
BSCS5B,12177,SS'1',COLUMN-3, Chair No - 4
BSCS5B,12178,SS'1',COLUMN-3, Chair No - 3
BSCS5B,12179,SS'1',COLUMN-3, Chair No - 2
BSCS5B,12182,SS'1',COLUMN-3, Chair No - 1
BSCS1B,cs-242161,SS'1',COLUMN-4, Chair No - 8
BSCS1B,cs-242162,SS'1',COLUMN-4, Chair No - 7
BSCS1B,cs-242163,SS'1',COLUMN-4, Chair No - 6
BSCS1B,cs-242164,SS'1',COLUMN-4, Chair No - 5
BSCS1B,cs-242165,SS'1',COLUMN-4, Chair No - 4
BSCS1B,cs-242166,SS'1',COLUMN-4, Chair No - 3
BSCS1B,cs-242167,SS'1',COLUMN-4, Chair No - 2
BSCS1B,cs-242169,SS'1',COLUMN-4, Chair No - 1
BSSE5A,12295,SS'1',COLUMN-5, Chair No - 8
BSSE5A,12296,SS'1',COLUMN-5, Chair No - 7
BSSE5A,12297,SS'1',COLUMN-5, Chair No - 6
BSSE5A,12298,SS'1',COLUMN-5, Chair No - 5
BSSE5A,12299,SS'1',COLUMN-5, Chair No - 4
BSSE5A,12300,SS'1',COLUMN-5, Chair No - 3
BSSE5A,12302,SS'1',COLUMN-5, Chair No - 2
BSSE5A,12304,SS'1',COLUMN-5, Chair No - 1
BSCS1B,cs-242170,SS'2',COLUMN-1, Chair No - 8
BSCS1B,cs-242171,SS'2',COLUMN-1, Chair No - 7
BSCS1B,cs-242172,SS'2',COLUMN-1, Chair No - 6
BSCS1B,cs-242173,SS'2',COLUMN-1, Chair No - 5
BSCS1B,cs-242174,SS'2',COLUMN-1, Chair No - 4
BSCS1B,cs-242175,SS'2',COLUMN-1, Chair No - 3
BSCS1B,cs-242176,SS'2',COLUMN-1, Chair No - 2
BSCS1B,cs-242177,SS'2',COLUMN-1, Chair No - 1
BSSE5A,12305,SS'2',COLUMN-2, Chair No - 8
BSSE5A,12307,SS'2',COLUMN-2, Chair No - 7
BSSE5A,12308,SS'2',COLUMN-2, Chair No - 6
BSSE5A,12309,SS'2',COLUMN-2, Chair No - 5
BSSE5A,12311,SS'2',COLUMN-2, Chair No - 4
BSSE5A,12312,SS'2',COLUMN-2, Chair No - 3
BSSE5A,12313,SS'2',COLUMN-2, Chair No - 2
BSSE5A,12316,SS'2',COLUMN-2, Chair No - 1
BSCS5B,12184,SS'2',COLUMN-3, Chair No - 8
BSCS5B,12188,SS'2',COLUMN-3, Chair No - 7
BSCS5B,12190,SS'2',COLUMN-3, Chair No - 6
BSCS5B,12191,SS'2',COLUMN-3, Chair No - 5
BSCS5B,12192,SS'2',COLUMN-3, Chair No - 4
BSCS5B,12195,SS'2',COLUMN-3, Chair No - 3
BSCS5B,12197,SS'2',COLUMN-3, Chair No - 2
BSCS5B,12198,SS'2',COLUMN-3, Chair No - 1
BSCS1B,cs-242178,SS'2',COLUMN-4, Chair No - 8
BSCS1B,cs-242180,SS'2',COLUMN-4, Chair No - 7
BSCS1B,cs-242181,SS'2',COLUMN-4, Chair No - 6
BSCS1B,cs-242182,SS'2',COLUMN-4, Chair No - 5
BSCS1B,cs-242183,SS'2',COLUMN-4, Chair No - 4
BSCS1B,cs-242184,SS'2',COLUMN-4, Chair No - 3
BSCS1B,cs-242185,SS'2',COLUMN-4, Chair No - 2
BSCS1B,cs-242186,SS'2',COLUMN-4, Chair No - 1
BSSE5A,12317,SS'2',COLUMN-5, Chair No - 8
BSSE5A,12318,SS'2',COLUMN-5, Chair No - 7
BSSE5A,12319,SS'2',COLUMN-5, Chair No - 6
BSSE5A,12321,SS'2',COLUMN-5, Chair No - 5
BSSE5A,12322,SS'2',COLUMN-5, Chair No - 4
BSSE5A,12323,SS'2',COLUMN-5, Chair No - 3
BSSE5A,12324,SS'2',COLUMN-5, Chair No - 2
BSSE5A,12326,SS'2',COLUMN-5, Chair No - 1
BSSE1D,se-242551,G'25',COLUMN-1, Chair No - 8
BSSE1D,se-242552,G'25',COLUMN-1, Chair No - 7
BSSE1D,se-242553,G'25',COLUMN-1, Chair No - 6
BSSE1D,se-242555,G'25',COLUMN-1, Chair No - 5
BSSE1D,se-242556,G'25',COLUMN-1, Chair No - 4
BSSE1D,se-242557,G'25',COLUMN-1, Chair No - 3
BSSE1D,se-242558,G'25',COLUMN-1, Chair No - 2
BSSE1D,se-242559,G'25',COLUMN-1, Chair No - 1
BSSE1E,se-242596,G'25',COLUMN-2, Chair No - 8
BSSE1E,se-242597,G'25',COLUMN-2, Chair No - 7
BSSE1E,se-242598,G'25',COLUMN-2, Chair No - 6
BSSE1E,se-242599,G'25',COLUMN-2, Chair No - 5
BSSE1E,se-242600,G'25',COLUMN-2, Chair No - 4
BSSE1E,se-242601,G'25',COLUMN-2, Chair No - 3
BSSE1E,se-242604,G'25',COLUMN-2, Chair No - 2
BSSE1E,se-242607,G'25',COLUMN-2, Chair No - 1
BSSE5A,12327,G'25',COLUMN-3, Chair No - 6
BSSE5A,12328,G'25',COLUMN-3, Chair No - 5
BSSE5A,12329,G'25',COLUMN-3, Chair No - 4
BSSE5A,12331,G'25',COLUMN-3, Chair No - 3
BSSE5A,12332,G'25',COLUMN-3, Chair No - 2
BSSE5A,12344,G'25',COLUMN-3, Chair No - 1
BSSE1D,se-242560,G'25',COLUMN-4, Chair No - 8
BSSE1D,se-242561,G'25',COLUMN-4, Chair No - 7
BSSE1D,se-242562,G'25',COLUMN-4, Chair No - 6
BSSE1D,se-242563,G'25',COLUMN-4, Chair No - 5
BSSE1D,se-242564,G'25',COLUMN-4, Chair No - 4
BSSE1D,se-242565,G'25',COLUMN-4, Chair No - 3
BSSE1D,se-242566,G'25',COLUMN-4, Chair No - 2
BSSE1D,se-242567,G'25',COLUMN-4, Chair No - 1
BSSE1E,se-242608,G'25',COLUMN-5, Chair No - 8
BSSE1E,se-242609,G'25',COLUMN-5, Chair No - 7
BSSE1E,se-242610,G'25',COLUMN-5, Chair No - 6
BSSE1E,se-242612,G'25',COLUMN-5, Chair No - 5
BSSE1E,se-242613,G'25',COLUMN-5, Chair No - 4
BSSE1E,se-242615,G'25',COLUMN-5, Chair No - 3
BSSE1E,se-242616,G'25',COLUMN-5, Chair No - 2
BSSE1E,se-242617,G'25',COLUMN-5, Chair No - 1
BSSE1D,se-242605,G'14',COLUMN-1, Chair No - 5
BSSE1D,se-242614,G'14',COLUMN-1, Chair No - 4
BSSE1D,se-242622,G'14',COLUMN-1, Chair No - 3
BSSE1D,se-242647,G'14',COLUMN-1, Chair No - 2
BSSE1D,se-242654,G'14',COLUMN-1, Chair No - 1
BSSE1E,se-242661,G'14',COLUMN-2, Chair No - 5
BSSE1E,se-242664,G'14',COLUMN-2, Chair No - 4
BSSE1E,se-242665,G'14',COLUMN-2, Chair No - 3
BSSE1E,se-242666,G'14',COLUMN-2, Chair No - 2
BSSE1E,se-242667,G'14',COLUMN-2, Chair No - 1
BSCS2A,cs-241153,G'14',COLUMN-3, Chair No - 4
BSCS2A,cs-241154,G'14',COLUMN-3, Chair No - 3
BSCS2A,cs-241155,G'14',COLUMN-3, Chair No - 2
BSCS2A,cs-241156,G'14',COLUMN-3, Chair No - 1
BSSE1D,se-242660,G'14',COLUMN-4, Chair No - 5
BSSE1D,se-242662,G'14',COLUMN-4, Chair No - 4
BSSE1D,se-242673,G'14',COLUMN-4, Chair No - 3
BSSE1D,se-242680,G'14',COLUMN-4, Chair No - 2
BSSE1D,se-242681,G'14',COLUMN-4, Chair No - 1
BSSE1E,se-242668,G'14',COLUMN-5, Chair No - 5
BSSE1E,se-242674,G'14',COLUMN-5, Chair No - 4
BSSE1E,se-242675,G'14',COLUMN-5, Chair No - 3
BSSE1E,se-242676,G'14',COLUMN-5, Chair No - 2
BSSE1E,se-242677,G'14',COLUMN-5, Chair No - 1
BSSE1B,se-242498,G'23',COLUMN-1, Chair No - 8
BSSE1B,se-242499,G'23',COLUMN-1, Chair No - 7
BSSE1B,se-242501,G'23',COLUMN-1, Chair No - 6
BSSE1B,se-242529,G'23',COLUMN-1, Chair No - 5
BSSE1B,se-242580,G'23',COLUMN-1, Chair No - 4
BSSE1B,se-242581,G'23',COLUMN-1, Chair No - 3
BSSE1B,se-242602,G'23',COLUMN-1, Chair No - 2
BSSE1B,se-242611,G'23',COLUMN-1, Chair No - 1
BSCS1C,cs-242244,G'23',COLUMN-2, Chair No - 8
BSCS1C,cs-242247,G'23',COLUMN-2, Chair No - 7
BSCS1C,cs-242254,G'23',COLUMN-2, Chair No - 6
BSCS1C,cs-242255,G'23',COLUMN-2, Chair No - 5
BSCS1C,cs-242282,G'23',COLUMN-2, Chair No - 4
BSCS1C,cs-242289,G'23',COLUMN-2, Chair No - 3
BSCS1C,cs-242331,G'23',COLUMN-2, Chair No - 2
BSCS1C,cs-242332,G'23',COLUMN-2, Chair No - 1
BSCS5A,12155,G'23',COLUMN-3, Chair No - 8
BSCS5A,12156,G'23',COLUMN-3, Chair No - 7
BSCS5A,12157,G'23',COLUMN-3, Chair No - 6
BSCS5A,12158,G'23',COLUMN-3, Chair No - 5
BSCS5A,12159,G'23',COLUMN-3, Chair No - 4
BSCS5A,12166,G'23',COLUMN-3, Chair No - 3
BSCS5A,12175,G'23',COLUMN-3, Chair No - 2
BSCS5A,12194,G'23',COLUMN-3, Chair No - 1
BSSE1B,se-242625,G'23',COLUMN-4, Chair No - 8
BSSE1B,se-242639,G'23',COLUMN-4, Chair No - 7
BSSE1B,se-242645,G'23',COLUMN-4, Chair No - 6
BSSE1B,se-242646,G'23',COLUMN-4, Chair No - 5
BSSE1B,se-242648,G'23',COLUMN-4, Chair No - 4
BSSE1B,se-242649,G'23',COLUMN-4, Chair No - 3
BSSE1B,se-242650,G'23',COLUMN-4, Chair No - 2
BSSE1B,se-242651,G'23',COLUMN-4, Chair No - 1
BSCS1C,cs-242346,G'23',COLUMN-5, Chair No - 8
BSCS1C,cs-242347,G'23',COLUMN-5, Chair No - 7
BSCS1C,cs-242348,G'23',COLUMN-5, Chair No - 6
BSCS1C,cs-242349,G'23',COLUMN-5, Chair No - 5
BSCS1C,cs-242350,G'23',COLUMN-5, Chair No - 4
BSCS1C,cs-242351,G'23',COLUMN-5, Chair No - 3
BSCS1C,cs-242355,G'23',COLUMN-5, Chair No - 2
BSCS1C,cs-242372,G'23',COLUMN-5, Chair No - 1
BSSE1B,se-242404,SS,COLUMN-1, Chair No - 13
BSSE1B,se-242455,SS,COLUMN-1, Chair No - 12
BSSE1B,se-242456,SS,COLUMN-1, Chair No - 11
BSSE1B,se-242458,SS,COLUMN-1, Chair No - 10
BSSE1B,se-242459,SS,COLUMN-1, Chair No - 9
BSSE1B,se-242460,SS,COLUMN-1, Chair No - 8
BSSE1B,se-242461,SS,COLUMN-1, Chair No - 7
BSSE1B,se-242462,SS,COLUMN-1, Chair No - 6
BSSE1B,se-242463,SS,COLUMN-1, Chair No - 5
BSSE1B,se-242464,SS,COLUMN-1, Chair No - 4
BSSE1B,se-242465,SS,COLUMN-1, Chair No - 3
BSSE1B,se-242466,SS,COLUMN-1, Chair No - 2
BSSE1B,se-242467,SS,COLUMN-1, Chair No - 1
BSCS1C,cs-242193,SS,COLUMN-2, Chair No - 13
BSCS1C,cs-242194,SS,COLUMN-2, Chair No - 12
BSCS1C,cs-242196,SS,COLUMN-2, Chair No - 11
BSCS1C,cs-242198,SS,COLUMN-2, Chair No - 10
BSCS1C,cs-242199,SS,COLUMN-2, Chair No - 9
BSCS1C,cs-242201,SS,COLUMN-2, Chair No - 8
BSCS1C,cs-242202,SS,COLUMN-2, Chair No - 7
BSCS1C,cs-242203,SS,COLUMN-2, Chair No - 6
BSCS1C,cs-242204,SS,COLUMN-2, Chair No - 5
BSCS1C,cs-242205,SS,COLUMN-2, Chair No - 4
BSCS1C,cs-242206,SS,COLUMN-2, Chair No - 3
BSCS1C,cs-242207,SS,COLUMN-2, Chair No - 2
BSCS1C,cs-242208,SS,COLUMN-2, Chair No - 1
BSSE4A,12315,SS,COLUMN-3, Chair No - 13
BSSE4A,13641,SS,COLUMN-3, Chair No - 12
BSSE4A,13643,SS,COLUMN-3, Chair No - 11
BSSE4A,13644,SS,COLUMN-3, Chair No - 10
BSSE4A,13645,SS,COLUMN-3, Chair No - 9
BSSE4A,13646,SS,COLUMN-3, Chair No - 8
BSSE4A,13647,SS,COLUMN-3, Chair No - 7
BSSE4A,13649,SS,COLUMN-3, Chair No - 6
BSSE4A,13652,SS,COLUMN-3, Chair No - 5
BSSE4A,13655,SS,COLUMN-3, Chair No - 4
BSSE4A,13656,SS,COLUMN-3, Chair No - 3
BSSE4A,13659,SS,COLUMN-3, Chair No - 2
BSSE4A,13663,SS,COLUMN-3, Chair No - 1
BSSE1B,se-242468,SS,COLUMN-4, Chair No - 13
BSSE1B,se-242469,SS,COLUMN-4, Chair No - 12
BSSE1B,se-242470,SS,COLUMN-4, Chair No - 11
BSSE1B,se-242471,SS,COLUMN-4, Chair No - 10
BSSE1B,se-242472,SS,COLUMN-4, Chair No - 9
BSSE1B,se-242473,SS,COLUMN-4, Chair No - 8
BSSE1B,se-242475,SS,COLUMN-4, Chair No - 7
BSSE1B,se-242476,SS,COLUMN-4, Chair No - 6
BSSE1B,se-242477,SS,COLUMN-4, Chair No - 5
BSSE1B,se-242478,SS,COLUMN-4, Chair No - 4
BSSE1B,se-242479,SS,COLUMN-4, Chair No - 3
BSSE1B,se-242480,SS,COLUMN-4, Chair No - 2
BSSE1B,se-242481,SS,COLUMN-4, Chair No - 1
BSCS1C,cs-242209,SS,COLUMN-5, Chair No - 13
BSCS1C,cs-242210,SS,COLUMN-5, Chair No - 12
BSCS1C,cs-242211,SS,COLUMN-5, Chair No - 11
BSCS1C,cs-242212,SS,COLUMN-5, Chair No - 10
BSCS1C,cs-242213,SS,COLUMN-5, Chair No - 9
BSCS1C,cs-242214,SS,COLUMN-5, Chair No - 8
BSCS1C,cs-242217,SS,COLUMN-5, Chair No - 7
BSCS1C,cs-242218,SS,COLUMN-5, Chair No - 6
BSCS1C,cs-242219,SS,COLUMN-5, Chair No - 5
BSCS1C,cs-242220,SS,COLUMN-5, Chair No - 4
BSCS1C,cs-242221,SS,COLUMN-5, Chair No - 3
BSCS1C,cs-242222,SS,COLUMN-5, Chair No - 2
BSCS1C,cs-242224,SS,COLUMN-5, Chair No - 1
BSSE4A,13665,SS,COLUMN-6, Chair No - 13
BSSE4A,13666,SS,COLUMN-6, Chair No - 12
BSSE4A,13667,SS,COLUMN-6, Chair No - 11
BSSE4A,13668,SS,COLUMN-6, Chair No - 10
BSSE4A,13670,SS,COLUMN-6, Chair No - 9
BSSE4A,13672,SS,COLUMN-6, Chair No - 8
BSSE4A,13676,SS,COLUMN-6, Chair No - 7
BSSE4A,13677,SS,COLUMN-6, Chair No - 6
BSSE4A,13678,SS,COLUMN-6, Chair No - 5
BSCS5B,12202,SS,COLUMN-6, Chair No - 4
BSCS5B,12203,SS,COLUMN-6, Chair No - 3
BSCS5B,12208,SS,COLUMN-6, Chair No - 2
BSCS5B,12209,SS,COLUMN-6, Chair No - 1
BSSE1B,se-242482,SS,COLUMN-7, Chair No - 13
BSSE1B,se-242483,SS,COLUMN-7, Chair No - 12
BSSE1B,se-242484,SS,COLUMN-7, Chair No - 11
BSSE1B,se-242485,SS,COLUMN-7, Chair No - 10
BSSE1B,se-242486,SS,COLUMN-7, Chair No - 9
BSSE1B,se-242488,SS,COLUMN-7, Chair No - 8
BSSE1B,se-242489,SS,COLUMN-7, Chair No - 7
BSSE1B,se-242490,SS,COLUMN-7, Chair No - 6
BSSE1B,se-242491,SS,COLUMN-7, Chair No - 5
BSSE1B,se-242492,SS,COLUMN-7, Chair No - 4
BSSE1B,se-242493,SS,COLUMN-7, Chair No - 3
BSSE1B,se-242494,SS,COLUMN-7, Chair No - 2
BSSE1B,se-242495,SS,COLUMN-7, Chair No - 1
BSCS1C,cs-242225,SS,COLUMN-8, Chair No - 13
BSCS1C,cs-242226,SS,COLUMN-8, Chair No - 12
BSCS1C,cs-242227,SS,COLUMN-8, Chair No - 11
BSCS1C,cs-242229,SS,COLUMN-8, Chair No - 10
BSCS1C,cs-242231,SS,COLUMN-8, Chair No - 9
BSCS1C,cs-242232,SS,COLUMN-8, Chair No - 8
BSCS1C,cs-242233,SS,COLUMN-8, Chair No - 7
BSCS1C,cs-242234,SS,COLUMN-8, Chair No - 6
BSCS1C,cs-242235,SS,COLUMN-8, Chair No - 5
BSCS1C,cs-242237,SS,COLUMN-8, Chair No - 4
BSCS1C,cs-242238,SS,COLUMN-8, Chair No - 3
BSCS1C,cs-242239,SS,COLUMN-8, Chair No - 2
BSCS1C,cs-242243,SS,COLUMN-8, Chair No - 1
BSCS5B,12216,SS,COLUMN-9, Chair No - 13
BSCS5B,12217,SS,COLUMN-9, Chair No - 12
BSCS5B,12218,SS,COLUMN-9, Chair No - 11
BSCS5B,12220,SS,COLUMN-9, Chair No - 10
BSCS5B,12221,SS,COLUMN-9, Chair No - 9
BSCS5B,12224,SS,COLUMN-9, Chair No - 8
BSCS5B,12227,SS,COLUMN-9, Chair No - 7
BSCS5B,12228,SS,COLUMN-9, Chair No - 6
BSCS5B,12230,SS,COLUMN-9, Chair No - 5
BSCS5B,12231,SS,COLUMN-9, Chair No - 4
BSCS5B,12237,SS,COLUMN-9, Chair No - 3
BSCS5B,12241,SS,COLUMN-9, Chair No - 2
BSCS5B,12242,SS,COLUMN-9, Chair No - 1
BSSE1C,cs-242228,G'12',COLUMN-1, Chair No - 5
BSSE1C,cs-242364,G'12',COLUMN-1, Chair No - 4
BSSE1C,se-242487,G'12',COLUMN-1, Chair No - 3
BSSE1C,se-242500,G'12',COLUMN-1, Chair No - 2
BSSE1C,se-242504,G'12',COLUMN-1, Chair No - 1
BSCS1D,cs-242118,G'12',COLUMN-2, Chair No - 5
BSCS1D,cs-242179,G'12',COLUMN-2, Chair No - 4
BSCS1D,cs-242223,G'12',COLUMN-2, Chair No - 3
BSCS1D,cs-242236,G'12',COLUMN-2, Chair No - 2
BSCS1D,cs-242241,G'12',COLUMN-2, Chair No - 1
BSCS5A,12135,G'12',COLUMN-3, Chair No - 5
BSCS5A,12138,G'12',COLUMN-3, Chair No - 4
BSCS5A,12139,G'12',COLUMN-3, Chair No - 3
BSCS5A,12140,G'12',COLUMN-3, Chair No - 2
BSCS5A,12141,G'12',COLUMN-3, Chair No - 1
BSSE1C,se-242505,G'12',COLUMN-4, Chair No - 5
BSSE1C,se-242506,G'12',COLUMN-4, Chair No - 4
BSSE1C,se-242507,G'12',COLUMN-4, Chair No - 3
BSSE1C,se-242508,G'12',COLUMN-4, Chair No - 2
BSSE1C,se-242509,G'12',COLUMN-4, Chair No - 1
BSCS1D,cs-242242,G'12',COLUMN-5, Chair No - 5
BSCS1D,cs-242245,G'12',COLUMN-5, Chair No - 4
BSCS1D,cs-242246,G'12',COLUMN-5, Chair No - 3
BSCS1D,cs-242249,G'12',COLUMN-5, Chair No - 2
BSCS1D,cs-242250,G'12',COLUMN-5, Chair No - 1
BSCS5A,12142,G'12',COLUMN-6, Chair No - 5
BSCS5A,12145,G'12',COLUMN-6, Chair No - 4
BSCS5A,12148,G'12',COLUMN-6, Chair No - 3
BSCS5A,12150,G'12',COLUMN-6, Chair No - 2
BSCS5A,12154,G'12',COLUMN-6, Chair No - 1
BSSE1C,se-242510,G'12',COLUMN-7, Chair No - 5
BSSE1C,se-242512,G'12',COLUMN-7, Chair No - 4
BSSE1C,se-242513,G'12',COLUMN-7, Chair No - 3
BSSE1C,se-242514,G'12',COLUMN-7, Chair No - 2
BSSE1C,se-242515,G'12',COLUMN-7, Chair No - 1
BSCS1D,cs-242251,G'12',COLUMN-8, Chair No - 5
BSCS1D,cs-242253,G'12',COLUMN-8, Chair No - 4
BSCS1D,cs-242256,G'12',COLUMN-8, Chair No - 3
BSCS1D,cs-242257,G'12',COLUMN-8, Chair No - 2
BSCS1D,cs-242258,G'12',COLUMN-8, Chair No - 1
BSSE3A,14916,G'12',COLUMN-1, Chair No - 5
BSSE3A,14917,G'12',COLUMN-1, Chair No - 4
BSSE3A,14918,G'12',COLUMN-1, Chair No - 3
BSSE3A,14919,G'12',COLUMN-1, Chair No - 2
BSSE3A,14920,G'12',COLUMN-1, Chair No - 1
BSSE3A,14921,G'12',COLUMN-4, Chair No - 5
BSSE3A,14922,G'12',COLUMN-4, Chair No - 4
BSSE3A,14923,G'12',COLUMN-4, Chair No - 3
BSSE3A,14925,G'12',COLUMN-4, Chair No - 2
BSSE3A,14928,G'12',COLUMN-4, Chair No - 1
BSSE3A,14932,G'12',COLUMN-6, Chair No - 5
BSSE3A,14941,G'12',COLUMN-6, Chair No - 4
BSSE3A,14944,G'12',COLUMN-6, Chair No - 3
BSSE3A,14965,G'12',COLUMN-6, Chair No - 2
BSSE3A,14995,G'12',COLUMN-6, Chair No - 1
BSSE8A,9503,G'12',COLUMN-7, Chair No - 5
BSSE8A,9506,G'12',COLUMN-7, Chair No - 4
BSSE8A,9512,G'12',COLUMN-7, Chair No - 3
BSSE8A,9517,G'12',COLUMN-7, Chair No - 2
BSSE8A,9521,G'12',COLUMN-7, Chair No - 1
BSSE3A,14996,G'23',COLUMN-1, Chair No - 8
BSSE3A,14997,G'23',COLUMN-1, Chair No - 7
BSSE3A,14998,G'23',COLUMN-1, Chair No - 6
BSSE3A,15026,G'23',COLUMN-1, Chair No - 5
BSSE3A,15052,G'23',COLUMN-1, Chair No - 4
BSSE3A,15053,G'23',COLUMN-1, Chair No - 3
BSSE3A,15058,G'23',COLUMN-1, Chair No - 2
BSSE3A,15059,G'23',COLUMN-1, Chair No - 1
BSSE6A,11577,G'23',COLUMN-2, Chair No - 8
BSSE6A,11579,G'23',COLUMN-2, Chair No - 7
BSSE6A,11580,G'23',COLUMN-2, Chair No - 6
BSSE6A,11582,G'23',COLUMN-2, Chair No - 5
BSSE6A,11586,G'23',COLUMN-2, Chair No - 4
BSSE6A,11587,G'23',COLUMN-2, Chair No - 3
BSSE6A,11591,G'23',COLUMN-2, Chair No - 2
BSSE6A,11592,G'23',COLUMN-2, Chair No - 1
BSSE3A,15060,G'23',COLUMN-3, Chair No - 8
BSSE3A,15061,G'23',COLUMN-3, Chair No - 7
BSSE3A,15062,G'23',COLUMN-3, Chair No - 6
BSSE3A,15065,G'23',COLUMN-3, Chair No - 5
BSSE3A,15073,G'23',COLUMN-3, Chair No - 4
BSSE3B,14940,G'23',COLUMN-3, Chair No - 3
BSSE3B,14942,G'23',COLUMN-3, Chair No - 2
BSSE3B,14943,G'23',COLUMN-3, Chair No - 1
BSSE6A,11593,G'23',COLUMN-4, Chair No - 8
BSSE6A,11594,G'23',COLUMN-4, Chair No - 7
BSSE6A,11595,G'23',COLUMN-4, Chair No - 6
BSSE6A,11597,G'23',COLUMN-4, Chair No - 5
BSSE6A,11598,G'23',COLUMN-4, Chair No - 4
BSSE6A,11600,G'23',COLUMN-4, Chair No - 3
BSSE6A,11601,G'23',COLUMN-4, Chair No - 2
BSSE6A,11603,G'23',COLUMN-4, Chair No - 1
BSSE3B,14945,SS,COLUMN-1, Chair No - 13
BSSE3B,14946,SS,COLUMN-1, Chair No - 12
BSSE3B,14947,SS,COLUMN-1, Chair No - 11
BSSE3B,14948,SS,COLUMN-1, Chair No - 10
BSSE3B,14949,SS,COLUMN-1, Chair No - 9
BSSE3B,14951,SS,COLUMN-1, Chair No - 8
BSSE3B,14952,SS,COLUMN-1, Chair No - 7
BSSE3B,14953,SS,COLUMN-1, Chair No - 6
BSSE3B,14954,SS,COLUMN-1, Chair No - 5
BSSE3B,14955,SS,COLUMN-1, Chair No - 4
BSSE3B,14956,SS,COLUMN-1, Chair No - 3
BSSE3B,14957,SS,COLUMN-1, Chair No - 2
BSSE3B,14960,SS,COLUMN-1, Chair No - 1
BSSE6A,10223,SS,COLUMN-2, Chair No - 13
BSSE6A,11500,SS,COLUMN-2, Chair No - 12
BSSE6A,11501,SS,COLUMN-2, Chair No - 11
BSSE6A,11502,SS,COLUMN-2, Chair No - 10
BSSE6A,11503,SS,COLUMN-2, Chair No - 9
BSSE6A,11504,SS,COLUMN-2, Chair No - 8
BSSE6A,11505,SS,COLUMN-2, Chair No - 7
BSSE6A,11506,SS,COLUMN-2, Chair No - 6
BSSE6A,11507,SS,COLUMN-2, Chair No - 5
BSSE6A,11508,SS,COLUMN-2, Chair No - 4
BSSE6A,11512,SS,COLUMN-2, Chair No - 3
BSSE6A,11514,SS,COLUMN-2, Chair No - 2
BSSE6A,11515,SS,COLUMN-2, Chair No - 1
BSSE8A,8430,SS,COLUMN-3, Chair No - 13
BSSE8A,8830,SS,COLUMN-3, Chair No - 12
BSSE8A,8844,SS,COLUMN-3, Chair No - 11
BSSE8A,8867,SS,COLUMN-3, Chair No - 10
BSSE8A,9466,SS,COLUMN-3, Chair No - 9
BSSE8A,9467,SS,COLUMN-3, Chair No - 8
BSSE8A,9470,SS,COLUMN-3, Chair No - 7
BSSE8A,9472,SS,COLUMN-3, Chair No - 6
BSSE8A,9473,SS,COLUMN-3, Chair No - 5
BSSE8A,9475,SS,COLUMN-3, Chair No - 4
BSSE8A,9476,SS,COLUMN-3, Chair No - 3
BSSE8A,9477,SS,COLUMN-3, Chair No - 2
BSSE8A,9479,SS,COLUMN-3, Chair No - 1
BSSE3B,14961,SS,COLUMN-4, Chair No - 13
BSSE3B,14963,SS,COLUMN-4, Chair No - 12
BSSE3B,14964,SS,COLUMN-4, Chair No - 11
BSSE3B,14966,SS,COLUMN-4, Chair No - 10
BSSE3B,14967,SS,COLUMN-4, Chair No - 9
BSSE3B,14969,SS,COLUMN-4, Chair No - 8
BSSE3B,14971,SS,COLUMN-4, Chair No - 7
BSSE3B,14973,SS,COLUMN-4, Chair No - 6
BSSE3B,14974,SS,COLUMN-4, Chair No - 5
BSSE3B,14975,SS,COLUMN-4, Chair No - 4
BSSE3B,14976,SS,COLUMN-4, Chair No - 3
BSSE3B,14979,SS,COLUMN-4, Chair No - 2
BSSE3B,14980,SS,COLUMN-4, Chair No - 1
BSSE6A,11516,SS,COLUMN-5, Chair No - 13
BSSE6A,11518,SS,COLUMN-5, Chair No - 12
BSSE6A,11519,SS,COLUMN-5, Chair No - 11
BSSE6A,11520,SS,COLUMN-5, Chair No - 10
BSSE6A,11521,SS,COLUMN-5, Chair No - 9
BSSE6A,11522,SS,COLUMN-5, Chair No - 8
BSSE6A,11523,SS,COLUMN-5, Chair No - 7
BSSE6A,11524,SS,COLUMN-5, Chair No - 6
BSSE6A,11529,SS,COLUMN-5, Chair No - 5
BSSE6A,11530,SS,COLUMN-5, Chair No - 4
BSSE6A,11531,SS,COLUMN-5, Chair No - 3
BSSE6A,11537,SS,COLUMN-5, Chair No - 2
BSSE6A,11538,SS,COLUMN-5, Chair No - 1
BSSE8A,9482,SS,COLUMN-6, Chair No - 13
BSSE8A,9493,SS,COLUMN-6, Chair No - 12
BSSE8A,9495,SS,COLUMN-6, Chair No - 11
BSSE8A,9500,SS,COLUMN-6, Chair No - 10
BSSE8A,9501,SS,COLUMN-6, Chair No - 9
BSSE3B,14981,SS,COLUMN-7, Chair No - 13
BSSE3B,14982,SS,COLUMN-7, Chair No - 12
BSSE3B,14983,SS,COLUMN-7, Chair No - 11
BSSE3B,14984,SS,COLUMN-7, Chair No - 10
BSSE3B,14985,SS,COLUMN-7, Chair No - 9
BSSE3B,14986,SS,COLUMN-7, Chair No - 8
BSSE3B,14987,SS,COLUMN-7, Chair No - 7
BSSE3B,14988,SS,COLUMN-7, Chair No - 6
BSSE3B,14999,SS,COLUMN-7, Chair No - 5
BSSE3B,15000,SS,COLUMN-7, Chair No - 4
BSSE3B,15002,SS,COLUMN-7, Chair No - 3
BSSE3B,15003,SS,COLUMN-7, Chair No - 2
BSSE3B,15004,SS,COLUMN-7, Chair No - 1
BSSE6A,11539,SS,COLUMN-8, Chair No - 13
BSSE6A,11544,SS,COLUMN-8, Chair No - 12
BSSE6A,11547,SS,COLUMN-8, Chair No - 11
BSSE6A,11548,SS,COLUMN-8, Chair No - 10
BSSE6A,11558,SS,COLUMN-8, Chair No - 9
BSSE6A,11559,SS,COLUMN-8, Chair No - 8
BSSE6A,11563,SS,COLUMN-8, Chair No - 7
BSSE6A,11567,SS,COLUMN-8, Chair No - 6
BSSE6A,11568,SS,COLUMN-8, Chair No - 5
BSSE6A,11569,SS,COLUMN-8, Chair No - 4
BSSE6A,11572,SS,COLUMN-8, Chair No - 3
BSSE6A,11574,SS,COLUMN-8, Chair No - 2
BSSE6A,11575,SS,COLUMN-8, Chair No - 1
BSCS3A,14630,G'26',COLUMN-1, Chair No - 6
BSCS3A,14631,G'26',COLUMN-1, Chair No - 5
BSCS3A,14632,G'26',COLUMN-1, Chair No - 4
BSCS3A,14634,G'26',COLUMN-1, Chair No - 3
BSCS3A,14635,G'26',COLUMN-1, Chair No - 2
BSCS3A,14636,G'26',COLUMN-1, Chair No - 1
BSSE7A,10170,G'26',COLUMN-2, Chair No - 6
BSSE7A,10171,G'26',COLUMN-2, Chair No - 5
BSSE7A,10172,G'26',COLUMN-2, Chair No - 4
BSSE7A,10173,G'26',COLUMN-2, Chair No - 3
BSSE7A,10176,G'26',COLUMN-2, Chair No - 2
BSSE7A,10177,G'26',COLUMN-2, Chair No - 1
BSCS7A,9414,G'26',COLUMN-3, Chair No - 6
BSCS7A,10001,G'26',COLUMN-3, Chair No - 5
BSCS7A,10002,G'26',COLUMN-3, Chair No - 4
BSCS7A,10003,G'26',COLUMN-3, Chair No - 3
BSCS7A,10006,G'26',COLUMN-3, Chair No - 2
BSCS7A,10007,G'26',COLUMN-3, Chair No - 1
BSCS3A,14638,G'26',COLUMN-4, Chair No - 6
BSCS3A,14640,G'26',COLUMN-4, Chair No - 5
BSCS3A,14641,G'26',COLUMN-4, Chair No - 4
BSCS3A,14642,G'26',COLUMN-4, Chair No - 3
BSCS3A,14643,G'26',COLUMN-4, Chair No - 2
BSCS3A,14644,G'26',COLUMN-4, Chair No - 1
BSSE7A,10178,G'26',COLUMN-5, Chair No - 6
BSSE7A,10179,G'26',COLUMN-5, Chair No - 5
BSSE7A,10181,G'26',COLUMN-5, Chair No - 4
BSSE7A,10182,G'26',COLUMN-5, Chair No - 3
BSSE7A,10183,G'26',COLUMN-5, Chair No - 2
BSSE7A,10185,G'26',COLUMN-5, Chair No - 1
BSCS7A,10008,G'26',COLUMN-6, Chair No - 6
BSCS7A,10010,G'26',COLUMN-6, Chair No - 5
BSCS7A,10011,G'26',COLUMN-6, Chair No - 4
BSCS7A,10013,G'26',COLUMN-6, Chair No - 3
BSCS7A,10014,G'26',COLUMN-6, Chair No - 2
BSCS7A,10015,G'26',COLUMN-6, Chair No - 1
BSCS3A,14645,G'11',COLUMN-1, Chair No - 9
BSCS3A,14646,G'11',COLUMN-1, Chair No - 8
BSCS3A,14647,G'11',COLUMN-1, Chair No - 7
BSCS3A,14648,G'11',COLUMN-1, Chair No - 6
BSCS3A,14650,G'11',COLUMN-1, Chair No - 5
BSCS3A,14651,G'11',COLUMN-1, Chair No - 4
BSCS3A,14652,G'11',COLUMN-1, Chair No - 3
BSCS3A,14653,G'11',COLUMN-1, Chair No - 2
BSCS3A,14654,G'11',COLUMN-1, Chair No - 1
BSSE7A,10186,G'11',COLUMN-2, Chair No - 9
BSSE7A,10188,G'11',COLUMN-2, Chair No - 8
BSSE7A,10189,G'11',COLUMN-2, Chair No - 7
BSSE7A,10190,G'11',COLUMN-2, Chair No - 6
BSSE7A,10191,G'11',COLUMN-2, Chair No - 5
BSSE7A,10194,G'11',COLUMN-2, Chair No - 4
BSSE7A,10195,G'11',COLUMN-2, Chair No - 3
BSSE7A,10199,G'11',COLUMN-2, Chair No - 2
BSSE7A,10202,G'11',COLUMN-2, Chair No - 1
BSCS7A,10016,G'11',COLUMN-3, Chair No - 9
BSCS7A,10017,G'11',COLUMN-3, Chair No - 8
BSCS7A,10018,G'11',COLUMN-3, Chair No - 7
BSCS7A,10019,G'11',COLUMN-3, Chair No - 6
BSCS7A,10020,G'11',COLUMN-3, Chair No - 5
BSCS7A,10021,G'11',COLUMN-3, Chair No - 4
BSCS7A,10023,G'11',COLUMN-3, Chair No - 3
BSCS7A,10024,G'11',COLUMN-3, Chair No - 2
BSCS7A,10025,G'11',COLUMN-3, Chair No - 1
BSCS3A,14655,G'11',COLUMN-4, Chair No - 9
BSCS3A,14657,G'11',COLUMN-4, Chair No - 8
BSCS3A,14658,G'11',COLUMN-4, Chair No - 7
BSCS3A,14659,G'11',COLUMN-4, Chair No - 6
BSCS3A,14660,G'11',COLUMN-4, Chair No - 5
BSCS3A,14661,G'11',COLUMN-4, Chair No - 4
BSCS3A,14662,G'11',COLUMN-4, Chair No - 3
BSCS3A,14663,G'11',COLUMN-4, Chair No - 2
BSCS3A,14664,G'11',COLUMN-4, Chair No - 1
BSCS3A,14666,G'19',COLUMN-1, Chair No - 6
BSCS3A,14667,G'19',COLUMN-1, Chair No - 5
BSCS3A,14668,G'19',COLUMN-1, Chair No - 4
BSCS3A,14669,G'19',COLUMN-1, Chair No - 3
BSCS3A,14670,G'19',COLUMN-1, Chair No - 2
BSCS3A,14671,G'19',COLUMN-1, Chair No - 1
BSSE7A,10203,G'19',COLUMN-2, Chair No - 6
BSSE7A,10208,G'19',COLUMN-2, Chair No - 5
BSSE7A,10216,G'19',COLUMN-2, Chair No - 4
BSSE7A,10217,G'19',COLUMN-2, Chair No - 3
BSSE7A,10219,G'19',COLUMN-2, Chair No - 2
BSSE7A,10221,G'19',COLUMN-2, Chair No - 1
BSCS7A,10026,G'19',COLUMN-3, Chair No - 6
BSCS7A,10027,G'19',COLUMN-3, Chair No - 5
BSCS7A,10028,G'19',COLUMN-3, Chair No - 4
BSCS7A,10029,G'19',COLUMN-3, Chair No - 3
BSCS7A,10038,G'19',COLUMN-3, Chair No - 2
BSCS7A,10041,G'19',COLUMN-3, Chair No - 1
BSCS3A,14673,G'19',COLUMN-4, Chair No - 6
BSCS3A,14674,G'19',COLUMN-4, Chair No - 5
BSCS3A,14675,G'19',COLUMN-4, Chair No - 4
BSCS3A,14681,G'19',COLUMN-4, Chair No - 3
BSCS3A,14682,G'19',COLUMN-4, Chair No - 2
BSCS3A,14687,G'19',COLUMN-4, Chair No - 1
BSSE7A,10222,G'19',COLUMN-5, Chair No - 6
BSSE7A,10231,G'19',COLUMN-5, Chair No - 5
BSSE7A,10234,G'19',COLUMN-5, Chair No - 4
BSSE7A,10238,G'19',COLUMN-5, Chair No - 3
BSSE7A,10240,G'19',COLUMN-5, Chair No - 2
BSSE7A,10241,G'19',COLUMN-5, Chair No - 1
BSCS3A,14690,G'18',COLUMN-1, Chair No - 10
BSCS3A,14707,G'18',COLUMN-1, Chair No - 9
BSCS3A,14723,G'18',COLUMN-1, Chair No - 8
BSCS3A,14792,G'18',COLUMN-1, Chair No - 7
BSCS3A,14845,G'18',COLUMN-1, Chair No - 6
BSCS3A,14861,G'18',COLUMN-1, Chair No - 5
BSCS3B,14686,G'18',COLUMN-1, Chair No - 4
BSCS3B,14688,G'18',COLUMN-1, Chair No - 3
BSCS3B,14691,G'18',COLUMN-1, Chair No - 2
BSCS3B,14693,G'18',COLUMN-1, Chair No - 1
BSSE7A,10244,G'18',COLUMN-2, Chair No - 10
BSSE7A,10246,G'18',COLUMN-2, Chair No - 9
BSSE7A,10255,G'18',COLUMN-2, Chair No - 8
BSSE7A,10256,G'18',COLUMN-2, Chair No - 7
BSSE7A,10258,G'18',COLUMN-2, Chair No - 6
BSSE7A,10260,G'18',COLUMN-2, Chair No - 5
BSSE7A,10266,G'18',COLUMN-2, Chair No - 4
BSSE7A,10267,G'18',COLUMN-2, Chair No - 3
BSSE7A,10269,G'18',COLUMN-2, Chair No - 2
BSSE7A,10274,G'18',COLUMN-2, Chair No - 1
BSCS7A,10066,G'18',COLUMN-3, Chair No - 10
BSCS7A,10071,G'18',COLUMN-3, Chair No - 9
BSCS7A,10083,G'18',COLUMN-3, Chair No - 8
BSCS7A,10084,G'18',COLUMN-3, Chair No - 7
BSCS7A,10090,G'18',COLUMN-3, Chair No - 6
BSCS7A,10091,G'18',COLUMN-3, Chair No - 5
BSCS7A,10096,G'18',COLUMN-3, Chair No - 4
BSCS7A,10097,G'18',COLUMN-3, Chair No - 3
BSCS7A,10098,G'18',COLUMN-3, Chair No - 2
BSCS7A,10099,G'18',COLUMN-3, Chair No - 1
BSCS3B,14694,G'18',COLUMN-4, Chair No - 10
BSCS3B,14695,G'18',COLUMN-4, Chair No - 9
BSCS3B,14697,G'18',COLUMN-4, Chair No - 8
BSCS3B,14698,G'18',COLUMN-4, Chair No - 7
BSCS3B,14700,G'18',COLUMN-4, Chair No - 6
BSCS3B,14704,G'18',COLUMN-4, Chair No - 5
BSCS3B,14706,G'18',COLUMN-4, Chair No - 4
BSCS3B,14708,G'18',COLUMN-4, Chair No - 3
BSCS3B,14710,G'18',COLUMN-4, Chair No - 2
BSCS3B,14713,G'18',COLUMN-4, Chair No - 1
BSSE7A,10283,G'18',COLUMN-5, Chair No - 10
BSSE7A,10286,G'18',COLUMN-5, Chair No - 9
BSSE7A,10288,G'18',COLUMN-5, Chair No - 8
BSSE7A,10291,G'18',COLUMN-5, Chair No - 7
BSSE7A,10309,G'18',COLUMN-5, Chair No - 6
BSSE7A,10310,G'18',COLUMN-5, Chair No - 5
BSSE7A,10311,G'18',COLUMN-5, Chair No - 4
BSSE7A,10318,G'18',COLUMN-5, Chair No - 3
BSSE7A,10325,G'18',COLUMN-5, Chair No - 2
BSCS3B,14714,G'22',COLUMN-1, Chair No - 9
BSCS3B,14716,G'22',COLUMN-1, Chair No - 8
BSCS3B,14718,G'22',COLUMN-1, Chair No - 7
BSCS3B,14720,G'22',COLUMN-1, Chair No - 6
BSCS3B,14721,G'22',COLUMN-1, Chair No - 5
BSCS3B,14722,G'22',COLUMN-1, Chair No - 4
BSCS3B,14727,G'22',COLUMN-1, Chair No - 3
BSCS3B,14728,G'22',COLUMN-1, Chair No - 2
BSCS3B,14730,G'22',COLUMN-1, Chair No - 1
BSCS7A,10101,G'22',COLUMN-2, Chair No - 9
BSCS7A,10102,G'22',COLUMN-2, Chair No - 8
BSCS7A,10111,G'22',COLUMN-2, Chair No - 7
BSCS7A,10116,G'22',COLUMN-2, Chair No - 6
BSCS7A,10117,G'22',COLUMN-2, Chair No - 5
BSCS7A,10120,G'22',COLUMN-2, Chair No - 4
BSCS7A,10122,G'22',COLUMN-2, Chair No - 3
BSCS7A,10123,G'22',COLUMN-2, Chair No - 2
BSCS7A,10131,G'22',COLUMN-2, Chair No - 1
BSCS3B,14732,G'22',COLUMN-3, Chair No - 9
BSCS3B,14742,G'22',COLUMN-3, Chair No - 8
BSCS3B,14743,G'22',COLUMN-3, Chair No - 7
BSCS3B,14744,G'22',COLUMN-3, Chair No - 6
BSCS3B,14746,G'22',COLUMN-3, Chair No - 5
BSCS3B,14774,G'22',COLUMN-3, Chair No - 4
BSCS3B,14785,G'22',COLUMN-3, Chair No - 3
BSCS3B,14809,G'22',COLUMN-3, Chair No - 2
BSCS3B,14820,G'22',COLUMN-3, Chair No - 1
BSCS7A,10133,G'22',COLUMN-4, Chair No - 9
BSCS7A,10136,G'22',COLUMN-4, Chair No - 8
BSCS7A,10138,G'22',COLUMN-4, Chair No - 7
BSCS7A,10140,G'22',COLUMN-4, Chair No - 6
BSCS7A,10141,G'22',COLUMN-4, Chair No - 5
BSCS7A,10143,G'22',COLUMN-4, Chair No - 4
BSCS7A,10148,G'22',COLUMN-4, Chair No - 3
BSCS7A,10151,G'22',COLUMN-4, Chair No - 2
BSCS7A,10157,G'22',COLUMN-4, Chair No - 1
BSCS3B,14826,G'13',COLUMN-1, Chair No - 5
BSCS3B,14831,G'13',COLUMN-1, Chair No - 4
BSCS3B,14841,G'13',COLUMN-1, Chair No - 3
BSCS3B,14842,G'13',COLUMN-1, Chair No - 2
BSCS3B,14847,G'13',COLUMN-1, Chair No - 1
BSCS7A,10158,G'13',COLUMN-2, Chair No - 5
BSCS7A,232701,G'13',COLUMN-2, Chair No - 4
BSCS7A,232702,G'13',COLUMN-2, Chair No - 3
BSCS7A,232703,G'13',COLUMN-2, Chair No - 2
BSCS3B,14851,G'13',COLUMN-3, Chair No - 5
BSCS3B,14852,G'13',COLUMN-3, Chair No - 4
BSCS3B,14855,G'13',COLUMN-3, Chair No - 3
BSCS3B,14858,G'13',COLUMN-3, Chair No - 2
BSCS3B,14866,G'13',COLUMN-3, Chair No - 1
BSCS3B,14870,G'24',COLUMN-1, Chair No - 8
BSCS3B,14871,G'24',COLUMN-1, Chair No - 7
BSCS3B,14874,G'24',COLUMN-1, Chair No - 6
BSCS3C,14736,G'24',COLUMN-1, Chair No - 5
BSCS3C,14737,G'24',COLUMN-1, Chair No - 4
BSCS3C,14739,G'24',COLUMN-1, Chair No - 3
BSCS3C,14740,G'24',COLUMN-1, Chair No - 2
BSCS3C,14747,G'24',COLUMN-1, Chair No - 1
BSCS3C,14748,G'24',COLUMN-3, Chair No - 8
BSCS3C,14749,G'24',COLUMN-3, Chair No - 7
BSCS3C,14750,G'24',COLUMN-3, Chair No - 6
BSCS3C,14752,G'24',COLUMN-3, Chair No - 5
BSCS3C,14753,G'24',COLUMN-3, Chair No - 4
BSCS3C,14754,G'24',COLUMN-3, Chair No - 3
BSCS3C,14755,G'24',COLUMN-3, Chair No - 2
BSCS3C,14757,G'24',COLUMN-3, Chair No - 1
BSCS3C,14758,G'10',COLUMN-1, Chair No - 8
BSCS3C,14759,G'10',COLUMN-1, Chair No - 7
BSCS3C,14760,G'10',COLUMN-1, Chair No - 6
BSCS3C,14761,G'10',COLUMN-1, Chair No - 5
BSCS3C,14762,G'10',COLUMN-1, Chair No - 4
BSCS3C,14763,G'10',COLUMN-1, Chair No - 3
BSCS3C,14765,G'10',COLUMN-1, Chair No - 2
BSCS3C,14767,G'10',COLUMN-1, Chair No - 1
BSCS3C,14768,G'10',COLUMN-3, Chair No - 8
BSCS3C,14770,G'10',COLUMN-3, Chair No - 7
BSCS3C,14771,G'10',COLUMN-3, Chair No - 6
BSCS3C,14773,G'10',COLUMN-3, Chair No - 5
BSCS3C,14775,G'10',COLUMN-3, Chair No - 4
BSCS3C,14778,G'10',COLUMN-3, Chair No - 3
BSCS3C,14780,G'10',COLUMN-3, Chair No - 2
BSCS3C,14790,G'10',COLUMN-3, Chair No - 1
BSCS3C,14791,G'9',COLUMN-1, Chair No - 8
BSCS3C,14793,G'9',COLUMN-1, Chair No - 7
BSCS3C,14794,G'9',COLUMN-1, Chair No - 6
BSCS3C,14823,G'9',COLUMN-1, Chair No - 5
BSCS3C,14850,G'9',COLUMN-1, Chair No - 4
BSCS3C,14859,G'9',COLUMN-1, Chair No - 3
BSCS3C,14860,G'9',COLUMN-1, Chair No - 2
BSCS3C,14863,G'9',COLUMN-1, Chair No - 1
BSCS3C,14865,G'9',COLUMN-3, Chair No - 8
BSCS3C,14867,G'9',COLUMN-3, Chair No - 7
BSCS3C,14868,G'9',COLUMN-3, Chair No - 6
BSCS3C,14869,G'9',COLUMN-3, Chair No - 5
BSCS3D,14725,G'9',COLUMN-3, Chair No - 4
BSCS3D,14745,G'9',COLUMN-3, Chair No - 3
BSCS3D,14766,G'9',COLUMN-3, Chair No - 2
BSCS3D,14786,G'9',COLUMN-3, Chair No - 1
BSCS3D,14789,SS'1',COLUMN-1, Chair No - 8
BSCS3D,14795,SS'1',COLUMN-1, Chair No - 7
BSCS3D,14798,SS'1',COLUMN-1, Chair No - 6
BSCS3D,14799,SS'1',COLUMN-1, Chair No - 5
BSCS3D,14801,SS'1',COLUMN-1, Chair No - 4
BSCS3D,14803,SS'1',COLUMN-1, Chair No - 3
BSCS3D,14805,SS'1',COLUMN-1, Chair No - 2
BSCS3D,14806,SS'1',COLUMN-1, Chair No - 1
BSCS3D,14807,SS'1',COLUMN-3, Chair No - 8
BSCS3D,14808,SS'1',COLUMN-3, Chair No - 7
BSCS3D,14810,SS'1',COLUMN-3, Chair No - 6
BSCS3D,14811,SS'1',COLUMN-3, Chair No - 5
BSCS3D,14815,SS'1',COLUMN-3, Chair No - 4
BSCS3D,14816,SS'1',COLUMN-3, Chair No - 3
BSCS3D,14817,SS'1',COLUMN-3, Chair No - 2
BSCS3D,14821,SS'1',COLUMN-3, Chair No - 1
BSCS3D,14822,SS'2',COLUMN-1, Chair No - 8
BSCS3D,14824,SS'2',COLUMN-1, Chair No - 7
BSCS3D,14827,SS'2',COLUMN-1, Chair No - 6
BSCS3D,14829,SS'2',COLUMN-1, Chair No - 5
BSCS3D,14830,SS'2',COLUMN-1, Chair No - 4
BSCS3D,14832,SS'2',COLUMN-1, Chair No - 3
BSCS3D,14846,SS'2',COLUMN-1, Chair No - 2
BSCS3D,14849,SS'2',COLUMN-1, Chair No - 1
BSCS3D,14856,SS'2',COLUMN-3, Chair No - 8
BSCS3D,14857,SS'2',COLUMN-3, Chair No - 7
BSCS3D,14873,SS'2',COLUMN-3, Chair No - 6
BSCS3D,14875,SS'2',COLUMN-3, Chair No - 5
BSCS3D,14876,SS'2',COLUMN-3, Chair No - 4
BSSE3A,14886,SS'2',COLUMN-3, Chair No - 3
BSSE3A,14888,SS'2',COLUMN-3, Chair No - 2
BSSE3A,14889,SS'2',COLUMN-3, Chair No - 1
BSSE3A,14890,G'25',COLUMN-1, Chair No - 8
BSSE3A,14891,G'25',COLUMN-1, Chair No - 7
BSSE3A,14892,G'25',COLUMN-1, Chair No - 6
BSSE3A,14893,G'25',COLUMN-1, Chair No - 5
BSSE3A,14894,G'25',COLUMN-1, Chair No - 4
BSSE3A,14895,G'25',COLUMN-1, Chair No - 3
BSSE3A,14896,G'25',COLUMN-1, Chair No - 2
BSSE3A,14897,G'25',COLUMN-1, Chair No - 1
BSSE3A,14898,G'25',COLUMN-2, Chair No - 8
BSSE3A,14899,G'25',COLUMN-2, Chair No - 7
BSSE3A,14900,G'25',COLUMN-2, Chair No - 6
BSSE3A,14901,G'25',COLUMN-2, Chair No - 5
BSSE3A,14902,G'25',COLUMN-2, Chair No - 4
BSSE3A,14903,G'25',COLUMN-2, Chair No - 3
BSSE3A,14904,G'25',COLUMN-2, Chair No - 2
BSSE3A,14905,G'25',COLUMN-2, Chair No - 1
BSSE3A,14906,G'14',COLUMN-1, Chair No - 5
BSSE3A,14907,G'14',COLUMN-1, Chair No - 4
BSSE3A,14908,G'14',COLUMN-1, Chair No - 3
BSSE3A,14909,G'14',COLUMN-1, Chair No - 2
BSSE3A,14910,G'14',COLUMN-1, Chair No - 1
BSSE3A,14911,G'14',COLUMN-4, Chair No - 5
BSSE3A,14912,G'14',COLUMN-4, Chair No - 4
BSSE3A,14913,G'14',COLUMN-4, Chair No - 3
BSSE3A,14914,G'14',COLUMN-4, Chair No - 2
BSSE3A,14915,G'14',COLUMN-4, Chair No - 1
BSCS1A,cs-242102,G17-SMR2,ROW-1, Chair No - 3
BSCS1A,cs-242104,G17-SMR2,ROW-1, Chair No - 6
BSCS1A,cs-242105,G17-SMR2,ROW-1, Chair No - 9
BSCS1A,cs-242106,G17-SMR2,ROW-1, Chair No - 12
BSCS1A,cs-242107,G17-SMR2,ROW-1, Chair No - 15
BSCS5A,12115,G17-SMR2,ROW-1, Chair No - 1
BSCS5A,12116,G17-SMR2,ROW-1, Chair No - 4
BSCS5A,12117,G17-SMR2,ROW-1, Chair No - 7
BSCS5A,12119,G17-SMR2,ROW-1, Chair No - 10
BSCS5A,12120,G17-SMR2,ROW-1, Chair No - 13
BSCS5A,12121,G17-SMR2,ROW-1, Chair No - 16
BSSE3C,14924,G17-SMR2,ROW-1,Chair No - 3
BSSE3C,14926,G17-SMR2,ROW-1,Chair No - 6
BSSE3C,14929,G17-SMR2,ROW-1,Chair No - 9
BSSE3C,14930,G17-SMR2,ROW-1,Chair No - 12
BSSE3C,14931,G17-SMR2,ROW-1,Chair No - 15
BSSE3C,15013,G17-SMR2,ROW-1,Chair No - 1
BSCS1A,cs-242108,G17-SMR2,ROW-2, Chair No - 2
BSCS1A,cs-242109,G17-SMR2,ROW-2, Chair No - 5
BSCS1A,cs-242110,G17-SMR2,ROW-2, Chair No - 8
BSCS1A,cs-242111,G17-SMR2,ROW-2, Chair No - 11
BSCS1A,cs-242112,G17-SMR2,ROW-2, Chair No - 14
BSCS1A,cs-242113,G17-SMR2,ROW-2, Chair No - 17
BSCS5A,12122,G17-SMR2,ROW-2, Chair No - 3
BSCS5A,12123,G17-SMR2,ROW-2, Chair No - 6
BSCS5A,12124,G17-SMR2,ROW-2, Chair No - 9
BSCS5A,12125,G17-SMR2,ROW-2, Chair No - 12
BSCS5A,12126,G17-SMR2,ROW-2, Chair No - 15
BSCS5A,12127,G17-SMR2,ROW-2, Chair No - 18
BSSE3C,15014,G17-SMR2,ROW-2,Chair No - 4
BSSE3C,15016,G17-SMR2,ROW-2,Chair No - 7
BSSE3C,15017,G17-SMR2,ROW-2,Chair No - 10
BSSE3C,15019,G17-SMR2,ROW-2,Chair No - 13
BSSE3C,15020,G17-SMR2,ROW-2,Chair No - 16
BSSE3C,15022,G17-SMR2,ROW-2,Chair No - 1
BSCS1A,cs-242114,G17-SMR2,ROW-3, Chair No - 1
BSCS1A,cs-242115,G17-SMR2,ROW-3, Chair No - 4
BSCS1A,cs-242116,G17-SMR2,ROW-3, Chair No - 7
BSCS1A,cs-242117,G17-SMR2,ROW-3, Chair No - 10
BSCS1A,cs-242119,G17-SMR2,ROW-3, Chair No - 13
BSCS1A,cs-242120,G17-SMR2,ROW-3, Chair No - 16
BSCS1A,cs-242121,G17-SMR2,ROW-3, Chair No - 19
BSCS1A,cs-242122,G17-SMR2,ROW-3, Chair No - 21
BSCS5A,12128,G17-SMR2,ROW-3, Chair No - 2
BSCS5A,12130,G17-SMR2,ROW-3, Chair No - 5
BSCS5A,12131,G17-SMR2,ROW-3, Chair No - 8
BSCS5A,12132,G17-SMR2,ROW-3, Chair No - 11
BSCS5A,12133,G17-SMR2,ROW-3, Chair No - 14
BSSE5A,12265,G17-SMR2,ROW-3, Chair No - 17
BSSE5A,12266,G17-SMR2,ROW-3, Chair No - 20
BSSE3C,15023,G17-SMR2,ROW-3,Chair No - 4
BSSE3C,15025,G17-SMR2,ROW-3,Chair No - 7
BSSE3C,15029,G17-SMR2,ROW-3,Chair No - 10
BSSE3C,15031,G17-SMR2,ROW-3,Chair No - 13
BSSE3C,15032,G17-SMR2,ROW-3,Chair No - 16
BSSE1A,se-242401,G16-SMR1,ROW-1, Chair No - 1
BSSE3C,15033,G17-SMR2,ROW-3,Chair No - 19
BSSE1A,se-242402,G16-SMR1,ROW-1, Chair No - 4
BSSE3C,15034,G17-SMR2,ROW-3,Chair No - 22
BSSE1A,se-242403,G16-SMR1,ROW-1, Chair No - 7
BSSE1A,se-242405,G16-SMR1,ROW-1, Chair No - 10
BSSE1A,se-242641,G16-SMR1,ROW-1, Chair No - 13
BSSE1A,se-242406,G16-SMR1,ROW-1, Chair No - 16
BSSE5B,12397,G16-SMR1,ROW-1, Chair No - 2
BSSE5B,12398,G16-SMR1,ROW-1, Chair No - 5
BSSE5B,12399,G16-SMR1,ROW-1, Chair No - 8
BSSE5B,12401,G16-SMR1,ROW-1, Chair No - 11
BSSE5B,12406,G16-SMR1,ROW-1, Chair No - 14
BSSE1A,se-242450,G16-SMR1,ROW-2, Chair No - 3
BSSE1A,se-242407,G16-SMR1,ROW-2, Chair No - 6
BSSE1A,se-242408,G16-SMR1,ROW-2, Chair No - 9
BSSE1A,se-242409,G16-SMR1,ROW-2, Chair No - 12
BSSE1A,se-242410,G16-SMR1,ROW-2, Chair No - 15
BSSE1A,se-242411,G16-SMR1,ROW-2, Chair No - 18
BSSE5B,12407,G16-SMR1,ROW-2, Chair No - 1
BSCS1A,cs-242123,G17-SMR2,ROW-4, Chair No - 3
BSSE5B,12408,G16-SMR1,ROW-2, Chair No - 4
BSSE5B,12409,G16-SMR1,ROW-2, Chair No - 7
BSSE5B,12411,G16-SMR1,ROW-2, Chair No - 10
BSSE5B,12412,G16-SMR1,ROW-2, Chair No - 13
BSSE5B,12413,G16-SMR1,ROW-2, Chair No - 16
BSCS1A,cs-242124,G17-SMR2,ROW-4, Chair No - 6
BSSE5B,12415,G16-SMR1,ROW-2, Chair No - 19
BSSE1A,se-242412,G16-SMR1,ROW-3, Chair No - 2
BSSE1A,se-242413,G16-SMR1,ROW-3, Chair No - 5
BSSE1A,se-242414,G16-SMR1,ROW-3, Chair No - 8
BSSE1A,se-242415,G16-SMR1,ROW-3, Chair No - 11
BSCS1A,cs-242125,G17-SMR2,ROW-4, Chair No - 9
BSCS1A,cs-242126,G17-SMR2,ROW-4, Chair No - 12
BSSE1A,se-242416,G16-SMR1,ROW-3, Chair No - 14
BSCS1A,cs-242127,G17-SMR2,ROW-4, Chair No - 15
BSSE1A,se-242417,G16-SMR1,ROW-3, Chair No - 17
BSSE1A,se-242418,G16-SMR1,ROW-3, Chair No - 20
BSSE5B,12416,G16-SMR1,ROW-3, Chair No - 1
BSCS5A,12146,G16-SMR1,ROW-3, Chair No - 4
BSCS5A,12153,G16-SMR1,ROW-3, Chair No - 7
BSCS8A,9458,G16-SMR1,ROW-3, Chair No - 10
BSCS1E,242305,G16-SMR1,ROW-3, Chair No - 13
BSCS5A,12149,G16-SMR1,ROW-3, Chair No - 16
BSCS5B,12238,G16-SMR1,ROW-3, Chair No - 19
BSCS1A,cs-242128,G17-SMR2,ROW-4, Chair No - 18
BSCS1A,cs-242129,G17-SMR2,ROW-4, Chair No - 21
BSSE1A,se-242420,G16-SMR1,ROW-4, Chair No - 1
BSCS1A,cs-242130,G17-SMR2,ROW-4, Chair No - 24
BSSE1A,se-242421,G16-SMR1,ROW-4, Chair No - 4
BSSE1A,se-242422,G16-SMR1,ROW-4, Chair No - 7
BSSE1A,se-242423,G16-SMR1,ROW-4, Chair No - 13
BSSE1A,se-242424,G16-SMR1,ROW-4, Chair No - 16
BSSE1A,se-242425,G16-SMR1,ROW-4, Chair No - 19
BSSE1A,se-242426,G16-SMR1,ROW-4, Chair No - 22
BSSE1A,se-242427,G16-SMR1,ROW-4, Chair No - 25
BSSE1E,242697,G16-SMR1,ROW-4, Chair No - 3
BSCS6A,10005,G'15',COLUMN-2, Chair No - 9
BSCS6A,10118,G'15',COLUMN-2, Chair No - 8
BSCS6A,11395,G'15',COLUMN-2, Chair No - 7
BSCS6A,11396,G'15',COLUMN-5, Chair No - 9
BSCS6A,11399,G'15',COLUMN-5, Chair No - 8
BSCS6A,11401,G'15',COLUMN-5, Chair No - 7
BSCS6A,11406,G'15',COLUMN-5, Chair No - 6
BSCS6A,11411,G'15',COLUMN-5, Chair No - 5
BSCS6A,11412,G'15',COLUMN-5, Chair No - 4
BSCS6A,11413,G'15',COLUMN-5, Chair No - 3
BSCS6A,11418,G'15',COLUMN-5, Chair No - 2
BSCS6A,11422,G'15',COLUMN-5, Chair No - 1
BSCS6A,11423,G'15',COLUMN-8, Chair No - 9
BSCS6A,11430,G'15',COLUMN-8, Chair No - 8
BSCS6A,11431,G'15',COLUMN-8, Chair No - 7
BSCS6A,11437,G'15',COLUMN-8, Chair No - 6
BSCS6A,11438,G'15',COLUMN-8, Chair No - 5
BSCS6A,11442,G'15',COLUMN-8, Chair No - 4
BSCS6A,11443,G'15',COLUMN-8, Chair No - 3
BSCS6A,11444,G'15',COLUMN-8, Chair No - 2
BSCS6A,11450,G'15',COLUMN-8, Chair No - 1
BSSE1E,242694,G16-SMR1,ROW-4, Chair No - 6
BSSE1E,242696,G16-SMR1,ROW-4, Chair No - 9
BSSE1E,242695,G16-SMR1,ROW-4, Chair No - 12
BSCS1E,242383,G16-SMR1,ROW-4,Chair No-18
BSSE1A,se-242429,G16-SMR1,ROW-5, Chair No - 3
BSSE1A,se-242430,G16-SMR1,ROW-5, Chair No - 6
BSSE1A,se-242432,G16-SMR1,ROW-5, Chair No - 9
BSSE1A,se-242433,G16-SMR1,ROW-5, Chair No - 12
BSSE1A,se-242434,G16-SMR1,ROW-5, Chair No - 15
BSSE1A,se-242435,G16-SMR1,ROW-5, Chair No - 18
BSSE1A,se-242437,G16-SMR1,ROW-5, Chair No - 21
BSSE1A,se-242438,G16-SMR1,ROW-5, Chair No - 24
BSSE1A,se-242439,G16-SMR1,ROW-5, Chair No - 27
BSCS6A,11452,G16-SMR1,ROW-5, Chair No - 1
BSCS6A,11453,G16-SMR1,ROW-5, Chair No - 4
BSCS6A,11455,G16-SMR1,ROW-5, Chair No - 7
BSCS6A,11456,G16-SMR1,ROW-5, Chair No - 10
BSCS6A,11457,G16-SMR1,ROW-5, Chair No - 13
BSSE5A,12267,G17-SMR2,ROW-4, Chair No - 1
BSSE5A,12268,G17-SMR2,ROW-4, Chair No - 4
BSSE5A,12269,G17-SMR2,ROW-4, Chair No - 7
BSSE5A,12270,G17-SMR2,ROW-4, Chair No - 10
BSSE5A,12271,G17-SMR2,ROW-4, Chair No - 13
BSSE5A,12272,G17-SMR2,ROW-4, Chair No - 16
BSSE5A,12273,G17-SMR2,ROW-4, Chair No - 19
BSSE5A,12274,G17-SMR2,ROW-4, Chair No - 22
BSSE5A,12275,G17-SMR2,ROW-4, Chair No - 25
BSSE3C,15035,G17-SMR2,ROW-4,Chair No - 3
BSSE3C,15036,G17-SMR2,ROW-4,Chair No - 6
BSSE3C,15037,G17-SMR2,ROW-4,Chair No - 9
BSSE3C,15040,G17-SMR2,ROW-4,Chair No - 12
BSSE3C,15041,G17-SMR2,ROW-4,Chair No - 15
BSSE3C,15043,G17-SMR2,ROW-4,Chair No - 18
BSSE3C,15044,G17-SMR2,ROW-4,Chair No - 21
BSSE3C,15045,G17-SMR2,ROW-4,Chair No - 24
BSSE3C,15051,G17-SMR2,ROW-4,Chair No - 2
BSCS1A,cs-242131,G17-SMR2,ROW-5, Chair No - 2
BSCS1A,cs-242132,G17-SMR2,ROW-5, Chair No - 5
BSCS1A,cs-242133,G17-SMR2,ROW-5, Chair No - 8
BSCS1A,cs-242134,G17-SMR2,ROW-5, Chair No - 11
BSCS1A,cs-242135,G17-SMR2,ROW-5, Chair No - 14
BSCS1A,cs-242136,G17-SMR2,ROW-5, Chair No - 17
BSCS1A,cs-242137,G17-SMR2,ROW-5, Chair No - 20
BSCS1A,cs-242138,G17-SMR2,ROW-5, Chair No - 23
BSCS1A,cs-242139,G17-SMR2,ROW-5, Chair No - 26
BSSE5A,12276,G17-SMR2,ROW-5, Chair No - 3
BSSE5A,12277,G17-SMR2,ROW-5, Chair No - 6
BSSE5A,12278,G17-SMR2,ROW-5, Chair No - 9
BSSE3C,15054,G17-SMR2,ROW-5,Chair No - 5
BSSE5B,12330,G'15',COLUMN-3, Chair No - 9
BSSE5B,12333,G'15',COLUMN-3, Chair No - 8
BSSE5B,12334,G'15',COLUMN-3, Chair No - 7
BSSE5B,12335,G'15',COLUMN-3, Chair No - 6
BSSE5B,12336,G'15',COLUMN-3, Chair No - 5
BSSE5B,12337,G'15',COLUMN-3, Chair No - 4
BSSE5B,12338,G'15',COLUMN-3, Chair No - 3
BSSE5B,12339,G'15',COLUMN-3, Chair No - 2
BSSE5B,12340,G'15',COLUMN-3, Chair No - 1
BSSE5B,12346,G'15',COLUMN-6, Chair No - 9
BSSE5B,12347,G'15',COLUMN-6, Chair No - 8
BSSE5B,12351,G'15',COLUMN-6, Chair No - 7
BSSE5B,12352,G'15',COLUMN-6, Chair No - 6
BSSE5B,12353,G'15',COLUMN-6, Chair No - 5
BSSE5B,12354,G'15',COLUMN-6, Chair No - 4
BSSE5B,12355,G'15',COLUMN-6, Chair No - 3
BSSE5B,12356,G'15',COLUMN-6, Chair No - 2
BSSE5B,12358,G'15',COLUMN-6, Chair No - 1
BSSE5B,12359,G'15',COLUMN-9, Chair No - 9
BSSE5B,12360,G'15',COLUMN-9, Chair No - 8
BSSE5B,12361,G'15',COLUMN-9, Chair No - 7
BSSE5B,12362,G'15',COLUMN-9, Chair No - 6
BSSE5B,12363,G'15',COLUMN-9, Chair No - 5
BSSE5B,12364,G'15',COLUMN-9, Chair No - 4
BSSE5B,12370,G'15',COLUMN-9, Chair No - 3
BSSE5B,12371,G'15',COLUMN-9, Chair No - 2
BSSE5B,12372,G'15',COLUMN-9, Chair No - 1
BSCS6A,11458,G16-SMR1,ROW-5, Chair No - 16
BSCS6A,11460,G16-SMR1,ROW-5, Chair No - 19
BSCS6A,11463,G16-SMR1,ROW-5, Chair No - 22
BSCS6A,11469,G16-SMR1,ROW-5, Chair No - 25
BSCS6A,11480,G16-SMR1,ROW-5, Chair No - 28
BSSE5B,12373,G16-SMR1,ROW-5, Chair No - 2
BSSE5B,12375,G16-SMR1,ROW-5, Chair No - 5
BSSE5B,12378,G16-SMR1,ROW-5, Chair No - 8
BSSE5B,12379,G16-SMR1,ROW-5, Chair No - 11
BSSE5B,12380,G16-SMR1,ROW-5, Chair No - 14
BSSE5B,12381,G16-SMR1,ROW-5, Chair No - 17
BSSE5B,12382,G16-SMR1,ROW-5, Chair No - 20
BSSE5B,12383,G16-SMR1,ROW-5, Chair No - 23
BSSE5B,12384,G16-SMR1,ROW-5, Chair No - 26
BSSE1A,se-242440,G16-SMR1,ROW-6, Chair No - 2
BSSE1A,se-242441,G16-SMR1,ROW-6, Chair No - 5
BSSE1A,se-242442,G16-SMR1,ROW-6, Chair No - 8
BSSE1A,se-242443,G16-SMR1,ROW-6, Chair No - 11
BSSE1A,se-242444,G16-SMR1,ROW-6, Chair No - 14
BSSE1A,se-242445,G16-SMR1,ROW-6, Chair No - 17
BSSE1A,se-242446,G16-SMR1,ROW-6, Chair No - 20
BSSE1A,se-242447,G16-SMR1,ROW-6, Chair No - 23
BSSE1A,se-242448,G16-SMR1,ROW-6, Chair No - 26
BSSE1A,se-242449,G16-SMR1,ROW-6, Chair No - 29
BSCS6A,11481,G16-SMR1,ROW-6, Chair No - 3
BSCS6A,11482,G16-SMR1,ROW-6, Chair No - 6
BSCS6A,11487,G16-SMR1,ROW-6, Chair No - 9
BSCS6A,11489,G16-SMR1,ROW-6, Chair No - 12
BSCS6A,11491,G16-SMR1,ROW-6, Chair No - 15
BSCS6A,11496,G16-SMR1,ROW-6, Chair No - 18
BSCS6A,cs-241301,G16-SMR1,ROW-6, Chair No - 21
BSCS6A,cs-241302,G16-SMR1,ROW-6, Chair No - 24
BSSE5B,12385,G16-SMR1,ROW-6, Chair No - 1
BSCS5B,12246,G'15',COLUMN-1, Chair No - 9
BSCS5B,12249,G'15',COLUMN-1, Chair No - 8
BSCS5B,12250,G'15',COLUMN-1, Chair No - 7
BSCS5B,12251,G'15',COLUMN-1, Chair No - 6
BSCS5B,12252,G'15',COLUMN-1, Chair No - 5
BSCS5B,12253,G'15',COLUMN-1, Chair No - 4
BSCS5B,12254,G'15',COLUMN-1, Chair No - 3
BSCS5B,12257,G'15',COLUMN-1, Chair No - 2
BSCS5B,12258,G'15',COLUMN-1, Chair No - 1
BSCS5B,12259,G'15',COLUMN-4, Chair No - 9
BSCS5B,12261,G'15',COLUMN-4, Chair No - 8
BSSE1D,se-242682,G'15',COLUMN-2, Chair No - 6
BSSE1D,se-242684,G'15',COLUMN-2, Chair No - 5
BSSE1B,se-242670,G'15',COLUMN-2, Chair No - 4
BSSE1B,se-242678,G'15',COLUMN-2, Chair No - 3
BSSE1B,se-242679,G'15',COLUMN-2, Chair No - 2
BSCS1C,cs-242373,G'15',COLUMN-2, Chair No - 1
BSSE3C,15057,G17-SMR2,ROW-5,Chair No - 8
BSSE3C,15082,G17-SMR2,ROW-5,Chair No - 11
BSSE3C,15083,G17-SMR2,ROW-5,Chair No - 14
BSSE3C,15084,G17-SMR2,ROW-5,Chair No - 17
BSSE3C,15085,G17-SMR2,ROW-5,Chair No - 20
BSSE3C,15086,G17-SMR2,ROW-5,Chair No - 23
BSSE3C,15087,G17-SMR2,ROW-5,Chair No - 26
BSSE3C,15088,G17-SMR2,ROW-5,Chair No - 29
BSCS1A,cs-242140,G17-SMR2,ROW-6, Chair No - 1
BSCS1A,cs-242141,G17-SMR2,ROW-6, Chair No - 4
BSCS1A,cs-242142,G17-SMR2,ROW-6, Chair No - 7
BSCS1A,cs-242143,G17-SMR2,ROW-6, Chair No - 10
BSCS1A,cs-242144,G17-SMR2,ROW-6, Chair No - 13
BSCS1A,cs-242145,G17-SMR2,ROW-6, Chair No - 16
BSCS1A,cs-242146,G17-SMR2,ROW-6, Chair No - 19
BSCS1A,cs-242147,G17-SMR2,ROW-6, Chair No - 22
BSCS1A,cs-242148,G17-SMR2,ROW-6, Chair No - 25
BSCS1A,cs-242149,G17-SMR2,ROW-6, Chair No - 28
BSCS1A,cs-242150,G17-SMR2,ROW-6, Chair No - 31
BSSE3C,15089,G17-SMR2,ROW-6,Chair No - 1
BSSE3C,15090,G17-SMR2,ROW-6,Chair No - 4
BSSE3C,15091,G17-SMR2,ROW-6,Chair No - 7
BSSE3C,15093,G17-SMR2,ROW-6,Chair No - 10
BSSE3C,15094,G17-SMR2,ROW-6,Chair No - 13
BSSE3C,15098,G17-SMR2,ROW-6,Chair No - 16
BSSE3B,15005,G17-SMR2,ROW-6,Chair No - 19
BSSE3B,15007,G17-SMR2,ROW-6,Chair No - 22
BSSE3B,15008,G17-SMR2,ROW-6,Chair No - 25
BSSE3B,15009,G17-SMR2,ROW-6,Chair No - 28
BSCS1A,cs-242333,G17-SMR2,ROW-7, Chair No - 3
BSCS1A,cs-242334,G17-SMR2,ROW-7, Chair No - 6
BSCS1A,cs-242335,G17-SMR2,ROW-7, Chair No - 9
BSCS1A,cs-242370,G17-SMR2,ROW-7, Chair No - 12
BSCS1A,cs-242371,G17-SMR2,ROW-7, Chair No - 15
BSCS1A,cs-242376,G17-SMR2,ROW-7, Chair No - 18
BSCS1A,CS-242379,G17-SMR2,ROW-7, Chair No - 21
BSSE3B,15010,G17-SMR2,ROW-7,Chair No - 3
BSSE3B,15011,G17-SMR2,ROW-7,Chair No - 6
BSSE3B,15012,G17-SMR2,ROW-7,Chair No - 9
BSSE3B,15063,G17-SMR2,ROW-7,Chair No - 12
BSSE3B,15067,G17-SMR2,ROW-7,Chair No - 15
BSSE3B,15069,G17-SMR2,ROW-7,Chair No - 18
BSSE3B,15070,G17-SMR2,ROW-7,Chair No - 21
BSSE3B,15071,G17-SMR2,ROW-7,Chair No - 24
BSSE3B,15074,G17-SMR2,ROW-7,Chair No - 27
BSSE3B,15075,G17-SMR2,ROW-7,Chair No - 30
BSCS3C,14776,G17-SMR2,ROW-7, Chair No - 33 stairs
BSSE1A,se-242451,G17-SMR2,Stairs,Left
BSSE1A,se-242640,G17-SMR2,Stairs,Left
BSSE1A,se-242669,G17-SMR2,Stairs,Left
BSSE1A,se-242685,G17-SMR2,Stairs,Left
BSSE1A,SE-242687,G17-SMR2,Stairs,Left
BSSE1A,se-242642,G17-SMR2,Stairs,Left
BSSE1A,se-242454,G17-SMR2,Stairs,Right
BSSE1A,se-242643,G17-SMR2,Stairs,Right
BSSE1A,se-242453,G17-SMR2,Stairs,Right
BSSE1A,se-242452,G17-SMR2,Stairs,Right
BSCS8A,8753,G'15',COLUMN-4, Chair No - 7
BSCS8A,8755,G'15',COLUMN-4, Chair No - 6
BSCS8A,8760,G'15',COLUMN-4, Chair No - 5
BSCS8A,8772,G'15',COLUMN-4, Chair No - 4
BSCS8A,8787,G'15',COLUMN-4, Chair No - 3
BSCS8A,8792,G'15',COLUMN-4, Chair No - 2
BSCS8A,8794,G'15',COLUMN-4, Chair No - 1
BSCS8A,8798,G'15',COLUMN-7, Chair No - 9
BSCS8A,9411,G'15',COLUMN-7, Chair No - 8
BSCS8A,9412,G'15',COLUMN-7, Chair No - 7
BSCS8A,9413,G'15',COLUMN-7, Chair No - 6
BSCS8A,9421,G'15',COLUMN-7, Chair No - 5
BSCS8A,9428,G'15',COLUMN-7, Chair No - 4
BSCS8A,9429,G'15',COLUMN-7, Chair No - 3
BSCS8A,9431,G'15',COLUMN-7, Chair No - 2
BSCS8A,9435,G'15',COLUMN-7, Chair No - 1
BSCS8A,9436,G'15',COLUMN-10, Chair No - 9
BSCS8A,9437,G'15',COLUMN-10, Chair No - 8
BSCS8A,9445,G'15',COLUMN-10, Chair No - 7
BSCS8A,9447,G'15',COLUMN-10, Chair No - 6
BSCS8A,9448,G'15',COLUMN-10, Chair No - 5
BSCS8A,9449,G'15',COLUMN-10, Chair No - 4
BSCS8A,9452,G'15',COLUMN-10, Chair No - 3
BSCS8A,9453,G'15',COLUMN-10, Chair No - 2
BSCS8A,9454,G'15',COLUMN-10, Chair No - 1
BSSE5B,12386,G16-SMR1,ROW-6, Chair No - 4
BSSE5B,12387,G16-SMR1,ROW-6, Chair No - 7
BSSE5B,12388,G16-SMR1,ROW-6, Chair No - 10
BSSE5B,12390,G16-SMR1,ROW-6, Chair No - 13
BSSE5B,12391,G16-SMR1,ROW-6, Chair No - 16
BSSE5B,12392,G16-SMR1,ROW-6, Chair No - 19
BSSE5B,12393,G16-SMR1,ROW-6, Chair No - 22
BSSE5B,12394,G16-SMR1,ROW-6, Chair No - 25
BSSE1A,se-242644,G17-SMR2,Stairs,Right
BSSE1A,se-242693,G16-SMR1,ROW-7, Chair No - 10
